dev_machine,prod_machine,query_id,query_num,dev_cost,dev_shared_hit,dev_shared_read,dev_total_buffers,dev_io_ratio,dev_rows,dev_time_p50,prod_time_p50,bottleneck_class,scaling_factor_p50,bandwidth_ratio,compute_ratio,p_bandwidth,p_compute,p_io,p_mixed,analytical_scaling,predicted_p50,held_out_machine,hw_confidence,abs_pct_error
c5a,c7i,q1,1,231253.32,926.0,111688.0,112614.0,0.9917684145096124,4.0,3043.2095,4861.035,compute,1.5973382706645731,0.5664429530201341,1.360876897133221,0.006666666666666667,0.9933333333333333,0.0,0.0,0.7416908723237233,0.8833633942209387,c5a,1.0,44.69778816146344
c5a,c7i,q10,10,160189.8,154977.0,104167.0,259144.0,0.4019641513438422,20.0,530.1745,844.875,mixed,1.5935790951846986,0.5664429530201341,1.360876897133221,0.0,0.0,0.0,1.0,1.138970537948481,0.9049234885892433,c5a,1.0,43.21439762082465
c5a,c7i,q11,11,10203.71,62785.0,0.0,62785.0,0.0,1217.0,85.429,102.75450000000001,mixed,1.2028058387666951,0.5664429530201341,1.360876897133221,0.0,0.0,0.006666666666666667,0.9933333333333333,1.1431467533195034,0.8811816261015036,c5a,1.0,26.739495461293316
c5a,c7i,q12,12,210511.91,1780.0,137090.0,138870.0,0.9871751481590829,2.0,717.643,1038.817,compute,1.447540072152867,0.5664429530201341,1.360876897133221,0.0,1.0,0.0,0.0,0.7348203221809169,0.8833633942209387,c5a,1.0,38.97485733108939
c5a,c7i,q13,13,142161.33,6288.0,23465.0,29753.0,0.7886334610472542,42.0,833.7245,1499.6860000000001,bandwidth,1.7987788532063052,0.5664429530201341,1.360876897133221,0.9933333333333333,0.006666666666666667,0.0,0.0,1.7585322934590895,0.875965187759266,c5a,1.0,51.30223005469144
c5a,c7i,q14,14,118586.59,59.0,45765.0,45824.0,0.9986906710310965,1.0,210.6895,340.724,bandwidth,1.6171854791055083,0.5664429530201341,1.360876897133221,1.0,0.0,0.0,0.0,1.765402843601896,0.8454179816181272,c5a,1.0,47.72288073686256
c5a,c7i,q16,16,40977.39,2576.0,19864.0,22440.0,0.8851655452074328,18141.0,306.8055,396.59749999999997,compute,1.2926675043309197,0.5664429530201341,1.360876897133221,0.01,0.99,0.0,0.0,0.7451261473951266,0.8549685420418516,c5a,1.0,33.860135017134176
c5a,c7i,q17,17,731369.7,232628.0,1904.0,234532.0,0.008118260543292415,1.0,335.7165,278.3045,io,0.8289866598752221,0.5664429530201341,1.360876897133221,0.0,0.0,0.9933333333333333,0.006666666666666667,1.761226628230873,0.7523918723492848,c5a,1.0,9.239568165966173
c5a,c7i,q18,18,322525.59,103902.5,293293.5,397196.0,0.7384081450766244,9.0,3564.257,5414.1975,mixed,1.5190255640937227,0.5664429530201341,1.360876897133221,0.03666666666666667,0.06666666666666667,0.013333333333333334,0.8833333333333333,1.143348805513314,0.8933062446259545,c5a,1.0,41.19215201233847
c5a,c7i,q19,19,32575.98,17350.0,3216.0,20566.0,0.15636699567267953,1.0,43.73350000000001,53.158,bandwidth,1.2154984165456686,0.5664429530201341,1.360876897133221,0.99,0.0,0.006666666666666667,0.0033333333333333335,1.7633147359163848,0.7834860016900667,c5a,1.0,35.54199733828863
c5a,c7i,q2,2,120690.45,1361569.5,23867.5,1385437.0,0.01722740389681819,100.0,1534.04,1391.7885,mixed,0.9072700190347058,0.5664429530201341,1.360876897133221,0.0,0.0,0.0,1.0,1.138970537948481,0.816197741966802,c5a,1.0,10.038056494449211
c5a,c7i,q20,20,164116.85,57908.0,74292.0,132200.0,0.5619624662445821,193.0,693.21,746.219,io,1.076468891100821,0.5664429530201341,1.360876897133221,0.0,0.0,1.0,0.0,1.765402843601896,0.8248161809111968,c5a,1.0,23.377611027131355
c5a,c7i,q21,21,72643.41,771824.5,315764.5,1087589.0,0.2903341332671319,100.0,1585.465,2077.2865,mixed,1.310206469395414,0.5664429530201341,1.360876897133221,0.0,0.0,0.0,1.0,1.138970537948481,0.8876826738172472,c5a,1.0,32.24864213753559
c5a,c7i,q22,22,13103.26,64494.0,0.0,64494.0,0.0,7.0,93.9025,122.9015,io,1.3088203189478447,0.5664429530201341,1.360876897133221,0.0033333333333333335,0.0,0.9966666666666667,0.0,1.765402843601896,0.784440146190296,c5a,1.0,40.06510024073402
c5a,c7i,q3,3,195291.56,493920.0,124546.0,618466.0,0.20137856991561393,10.0,487.4995,855.2255,mixed,1.754310517241556,0.5664429530201341,1.360876897133221,0.0,0.0,0.0033333333333333335,0.9966666666666667,1.1410586456339924,0.8941127976529155,c5a,1.0,49.033378705452826
c5a,c7i,q4,4,61263.21,169891.0,77503.0,247394.0,0.31327633945714345,5.0,223.132,337.77099999999996,io,1.5137721169531935,0.5664429530201341,1.360876897133221,0.0,0.0,0.9933333333333333,0.006666666666666667,1.761226628230873,0.8210491077095382,c5a,1.0,45.76137989897158
c5a,c7i,q5,5,83490.24,322157.5,258767.5,580925.0,0.4454396945566217,5.0,468.384,1009.4685,mixed,2.1552155923344944,0.5664429530201341,1.360876897133221,0.0,0.0,0.0,1.0,1.138970537948481,0.9368809749497744,c5a,1.0,56.52959368510506
c5a,c7i,q6,6,168633.05,0.0,105469.0,105469.0,0.9999905186308903,1.0,506.22450000000003,747.0885000000001,bandwidth,1.4758047072000664,0.5664429530201341,1.360876897133221,0.9933333333333333,0.0033333333333333335,0.0033333333333333335,0.0,1.7619675685304927,0.8117784936562304,c5a,1.0,44.99417912845956
c5a,c7i,q7,7,70658.3,1181932.5,500059.5,1681992.0,0.2973017723617161,4.0,2502.548,2735.3864999999996,mixed,1.0930405730479495,0.5664429530201341,1.360876897133221,0.0,0.0,0.0,1.0,1.138970537948481,0.8402725762668984,c5a,1.0,23.125216301551017
c5a,c7i,q8,8,90831.9,266495.5,171413.5,437909.0,0.391435454773812,2.0,353.51800000000003,736.44,mixed,2.0831753970094873,0.5664429530201341,1.360876897133221,0.0,0.0,0.0,1.0,1.138970537948481,0.918625388760553,c5a,1.0,55.9026383434016
c5a,c7i,q9,9,85841.45,1162326.5,321471.5,1483798.0,0.21665434469223932,175.0,1402.29,2479.5135,mixed,1.7681888197163211,0.5664429530201341,1.360876897133221,0.0,0.0,0.0,1.0,1.138970537948481,0.8915968628505254,c5a,1.0,49.575698426055624
c5a,m5a,q1,1,231253.32,926.0,111688.0,112614.0,0.9917684145096124,4.0,3043.2095,4400.6265,compute,1.4460478320667705,0.6718120805369128,0.7706576728499157,0.006666666666666667,0.9933333333333333,0.0,0.0,1.298865787749814,0.945542963997589,c5a,1.0,34.61191649198994
c5a,m5a,q10,10,160189.8,154977.0,104167.0,259144.0,0.4019641513438422,20.0,530.1745,780.1095,mixed,1.4714202588015834,0.6718120805369128,0.7706576728499157,0.0,0.0,0.0,1.0,1.3897777105188265,0.906619961525663,c5a,1.0,38.38470307157039
c5a,m5a,q11,11,10203.71,62785.0,0.0,62785.0,0.0,1217.0,85.429,133.003,mixed,1.5568834938955154,0.6718120805369128,0.7706576728499157,0.0,0.0,0.006666666666666667,0.9933333333333333,1.3904359357054443,0.9796869837745693,c5a,1.0,37.07384093826629
c5a,m5a,q12,12,210511.91,1780.0,137090.0,138870.0,0.9871751481590829,2.0,717.643,1108.8780000000002,compute,1.5451666079095039,0.6718120805369128,0.7706576728499157,0.0,1.0,0.0,0.0,1.2975929978118161,0.9523150100251673,c5a,1.0,38.36813420958022
c5a,m5a,q13,13,142161.33,6288.0,23465.0,29753.0,0.7886334610472542,42.0,833.7245,1283.8784999999998,bandwidth,1.5399313562213894,0.6718120805369128,0.7706576728499157,0.9933333333333333,0.006666666666666667,0.0,0.0,1.4872386985734907,0.971145500131174,c5a,1.0,36.93579287104558
c5a,m5a,q14,14,118586.59,59.0,45765.0,45824.0,0.9986906710310965,1.0,210.6895,301.421,bandwidth,1.4306408245308855,0.6718120805369128,0.7706576728499157,1.0,0.0,0.0,0.0,1.4885114885114885,0.9035196284514233,c5a,1.0,36.84511073925966
c5a,m5a,q16,16,40977.39,2576.0,19864.0,22440.0,0.8851655452074328,18141.0,306.8055,434.2285,compute,1.4153217592253073,0.6718120805369128,0.7706576728499157,0.01,0.99,0.0,0.0,1.2995021827188127,1.0170684923296942,c5a,1.0,28.13870869289833
c5a,m5a,q17,17,731369.7,232628.0,1904.0,234532.0,0.008118260543292415,1.0,335.7165,540.1505,io,1.6089483239578632,0.6718120805369128,0.7706576728499157,0.0,0.0,0.9933333333333333,0.006666666666666667,1.4878532633248707,0.9005750198743686,c5a,1.0,44.027101028388664
c5a,m5a,q18,18,322525.59,103902.5,293293.5,397196.0,0.7384081450766244,9.0,3564.257,4948.0075,mixed,1.3882297208085723,0.6718120805369128,0.7706576728499157,0.03666666666666667,0.06666666666666667,0.013333333333333334,0.8833333333333333,1.3885687519046588,0.8664522357220207,c5a,1.0,37.585817193327564
c5a,m5a,q19,19,32575.98,17350.0,3216.0,20566.0,0.15636699567267953,1.0,43.73350000000001,61.980000000000004,bandwidth,1.417220208764448,0.6718120805369128,0.7706576728499157,0.99,0.0,0.006666666666666667,0.0033333333333333335,1.4881823759181796,0.9015046949207647,c5a,1.0,36.38922946867172
c5a,m5a,q2,2,120690.45,1361569.5,23867.5,1385437.0,0.01722740389681819,100.0,1534.04,2480.223,mixed,1.616791609084509,0.6718120805369128,0.7706576728499157,0.0,0.0,0.0,1.0,1.3897777105188265,0.9945956275532227,c5a,1.0,38.48337522506058
c5a,m5a,q20,20,164116.85,57908.0,74292.0,132200.0,0.5619624662445821,193.0,693.21,1043.5055,io,1.505323783557652,0.6718120805369128,0.7706576728499157,0.0,0.0,1.0,0.0,1.4885114885114885,0.9231669228206689,c5a,1.0,38.673198888887896
c5a,m5a,q21,21,72643.41,771824.5,315764.5,1087589.0,0.2903341332671319,100.0,1585.465,2269.7135,mixed,1.4315759099065573,0.6718120805369128,0.7706576728499157,0.0,0.0,0.0,1.0,1.3897777105188265,0.9457237754259309,c5a,1.0,33.93827257908658
c5a,m5a,q22,22,13103.26,64494.0,0.0,64494.0,0.0,7.0,93.9025,131.582,io,1.4012619472325016,0.6718120805369128,0.7706576728499157,0.0033333333333333335,0.0,0.9966666666666667,0.0,1.4885114885114885,0.8845769353377589,c5a,1.0,36.8728354405968
c5a,m5a,q3,3,195291.56,493920.0,124546.0,618466.0,0.20137856991561393,10.0,487.4995,729.5985000000001,mixed,1.4966138426808644,0.6718120805369128,0.7706576728499157,0.0,0.0,0.0033333333333333335,0.9966666666666667,1.3901068231121354,0.9051722970855696,c5a,1.0,39.51864727750035
c5a,m5a,q4,4,61263.21,169891.0,77503.0,247394.0,0.31327633945714345,5.0,223.132,315.9345,io,1.4159085205170034,0.6718120805369128,0.7706576728499157,0.0,0.0,0.9933333333333333,0.006666666666666667,1.4878532633248707,0.8600035347687256,c5a,1.0,39.26136312431366
c5a,m5a,q5,5,83490.24,322157.5,258767.5,580925.0,0.4454396945566217,5.0,468.384,698.4615,mixed,1.4912155410944865,0.6718120805369128,0.7706576728499157,0.0,0.0,0.0,1.0,1.3897777105188265,0.874924220556191,c5a,1.0,41.3281181395122
c5a,m5a,q6,6,168633.05,0.0,105469.0,105469.0,0.9999905186308903,1.0,506.22450000000003,761.749,bandwidth,1.5047651782954006,0.6718120805369128,0.7706576728499157,0.9933333333333333,0.0033333333333333335,0.0033333333333333335,0.0,1.4878750935424896,0.8693527473073536,c5a,1.0,42.226683615037054
c5a,m5a,q7,7,70658.3,1181932.5,500059.5,1681992.0,0.2973017723617161,4.0,2502.548,3633.729,mixed,1.452011709665509,0.6718120805369128,0.7706576728499157,0.0,0.0,0.0,1.0,1.3897777105188265,0.9283550868255642,c5a,1.0,36.06421486508372
c5a,m5a,q8,8,90831.9,266495.5,171413.5,437909.0,0.391435454773812,2.0,353.51800000000003,520.2660000000001,mixed,1.4716817814085847,0.6718120805369128,0.7706576728499157,0.0,0.0,0.0,1.0,1.3897777105188265,0.8856146361751029,c5a,1.0,39.82295307566706
c5a,m5a,q9,9,85841.45,1162326.5,321471.5,1483798.0,0.21665434469223932,175.0,1402.29,2088.801,mixed,1.4895642128233104,0.6718120805369128,0.7706576728499157,0.0,0.0,0.0,1.0,1.3897777105188265,0.9428022290133238,c5a,1.0,36.70617077820751
c5a,r5n,q1,1,231253.32,926.0,111688.0,112614.0,0.9917684145096124,4.0,3043.2095,7103.264,compute,2.33413572085655,0.6302013422818792,1.1888701517706577,0.006666666666666667,0.9933333333333333,0.0,0.0,0.8461058165091881,0.8737400604705761,c5a,1.0,62.56686992691485
c5a,r5n,q10,10,160189.8,154977.0,104167.0,259144.0,0.4019641513438422,20.0,530.1745,1038.925,mixed,1.9595906630741389,0.6302013422818792,1.1888701517706577,0.0,0.0,0.0,1.0,1.1552956184770422,0.899864820769956,c5a,1.0,54.0789391515941
c5a,r5n,q11,11,10203.71,62785.0,0.0,62785.0,0.0,1217.0,85.429,102.45349999999999,mixed,1.1992824450713457,0.6302013422818792,1.1888701517706577,0.0,0.0,0.006666666666666667,0.9933333333333333,1.1581722774351542,0.8830263511160001,c5a,1.0,26.370443030751726
c5a,r5n,q12,12,210511.91,1780.0,137090.0,138870.0,0.9871751481590829,2.0,717.643,1559.5430000000001,compute,2.1731459792682433,0.6302013422818792,1.1888701517706577,0.0,1.0,0.0,0.0,0.8411347517730496,0.8756585507269911,c5a,1.0,59.70548876694197
c5a,r5n,q13,13,142161.33,6288.0,23465.0,29753.0,0.7886334610472542,42.0,833.7245,1625.7675,bandwidth,1.9500056673397506,0.6302013422818792,1.1888701517706577,0.9933333333333333,0.006666666666666667,0.0,0.0,1.5818233974576847,0.8778099127737625,c5a,1.0,54.984237867816354
c5a,r5n,q14,14,118586.59,59.0,45765.0,45824.0,0.9986906710310965,1.0,210.6895,422.8055,bandwidth,2.00677062691781,0.6302013422818792,1.1888701517706577,1.0,0.0,0.0,0.0,1.5867944621938233,0.8444375869251036,c5a,1.0,57.92057270530855
c5a,r5n,q16,16,40977.39,2576.0,19864.0,22440.0,0.8851655452074328,18141.0,306.8055,560.7415000000001,compute,1.8276774699280165,0.6302013422818792,1.1888701517706577,0.01,0.99,0.0,0.0,0.8485913488772573,0.8615633750692347,c5a,1.0,52.86020705266079
c5a,r5n,q17,17,731369.7,232628.0,1904.0,234532.0,0.008118260543292415,1.0,335.7165,362.418,io,1.0795358583805086,0.6302013422818792,1.1888701517706577,0.0,0.0,0.9933333333333333,0.006666666666666667,1.5839178032357113,0.7542365973637813,c5a,1.0,30.133252035252696
c5a,r5n,q18,18,322525.59,103902.5,293293.5,397196.0,0.7384081450766244,9.0,3564.257,7234.161,mixed,2.0296406796704054,0.6302013422818792,1.1888701517706577,0.03666666666666667,0.06666666666666667,0.013333333333333334,0.8833333333333333,1.1559265028826151,0.8858599533738994,c5a,1.0,56.3538530614318
c5a,r5n,q19,19,32575.98,17350.0,3216.0,20566.0,0.15636699567267953,1.0,43.73350000000001,73.7775,bandwidth,1.6869790892565195,0.6302013422818792,1.1888701517706577,0.99,0.0,0.006666666666666667,0.0033333333333333335,1.5853561327147674,0.7853307267045632,c5a,1.0,53.4475126748209
c5a,r5n,q2,2,120690.45,1361569.5,23867.5,1385437.0,0.01722740389681819,100.0,1534.04,1687.966,mixed,1.1003402779588538,0.6302013422818792,1.1888701517706577,0.0,0.0,0.0,1.0,1.1552956184770422,0.8182494007872617,c5a,1.0,25.636694650029035
c5a,r5n,q20,20,164116.85,57908.0,74292.0,132200.0,0.5619624662445821,193.0,693.21,885.5885000000001,io,1.2775183566307469,0.6302013422818792,1.1888701517706577,0.0,0.0,1.0,0.0,1.5867944621938233,0.8238357862181732,c5a,1.0,35.51280246250941
c5a,r5n,q21,21,72643.41,771824.5,315764.5,1087589.0,0.2903341332671319,100.0,1585.465,2575.3975,mixed,1.6243799137792383,0.6302013422818792,1.1888701517706577,0.0,0.0,0.0,1.0,1.1552956184770422,0.8794932242837951,c5a,1.0,45.85667941204777
c5a,r5n,q22,22,13103.26,64494.0,0.0,64494.0,0.0,7.0,93.9025,177.9305,io,1.8948430552967173,0.6302013422818792,1.1888701517706577,0.0033333333333333335,0.0,0.9966666666666667,0.0,1.5867944621938233,0.7862848712047925,c5a,1.0,58.50395793958426
c5a,r5n,q3,3,195291.56,493920.0,124546.0,618466.0,0.20137856991561393,10.0,487.4995,1067.1325,mixed,2.188991988709732,0.6302013422818792,1.1888701517706577,0.0,0.0,0.0033333333333333335,0.9966666666666667,1.1567339479560983,0.8897972881150252,c5a,1.0,59.35127708532626
c5a,r5n,q4,4,61263.21,169891.0,77503.0,247394.0,0.31327633945714345,5.0,223.132,439.73,io,1.9707168850725132,0.6302013422818792,1.1888701517706577,0.0,0.0,0.9933333333333333,0.006666666666666667,1.5839178032357113,0.8167335981716479,c5a,1.0,58.55652304204031
c5a,r5n,q5,5,83490.24,322157.5,258767.5,580925.0,0.4454396945566217,5.0,468.384,1107.366,mixed,2.364226788276286,0.6302013422818792,1.1888701517706577,0.0,0.0,0.0,1.0,1.1552956184770422,0.9286915254163223,c5a,1.0,60.71901688867107
c5a,r5n,q6,6,168633.05,0.0,105469.0,105469.0,0.9999905186308903,1.0,506.22450000000003,1067.0695,bandwidth,2.10789778053018,0.6302013422818792,1.1888701517706577,0.9933333333333333,0.0033333333333333335,0.0033333333333333335,0.0,1.584308929825754,0.8074629841183402,c5a,1.0,61.69344682761388
c5a,r5n,q7,7,70658.3,1181932.5,500059.5,1681992.0,0.2973017723617161,4.0,2502.548,3602.5985,mixed,1.439572188025964,0.6302013422818792,1.1888701517706577,0.0,0.0,0.0,1.0,1.1552956184770422,0.8343442400499699,c5a,1.0,42.04220899862774
c5a,r5n,q8,8,90831.9,266495.5,171413.5,437909.0,0.391435454773812,2.0,353.51800000000003,821.899,mixed,2.3249141486430673,0.6302013422818792,1.1888701517706577,0.0,0.0,0.0,1.0,1.1552956184770422,0.9104359392271009,c5a,1.0,60.840018984852605
c5a,r5n,q9,9,85841.45,1162326.5,321471.5,1483798.0,0.21665434469223932,175.0,1402.29,3018.959,mixed,2.1528777927532823,0.6302013422818792,1.1888701517706577,0.0,0.0,0.0,1.0,1.1552956184770422,0.8834074133170733,c5a,1.0,58.96620717206167
c5a,z1d,q1,1,231253.32,926.0,111688.0,112614.0,0.9917684145096124,4.0,3043.2095,5716.394,compute,1.8784096198437867,0.6557046979865772,1.4873524451939293,0.006666666666666667,0.9933333333333333,0.0,0.0,0.6780205420050425,1.0961689512801205,c5a,1.0,41.64377462189101
c5a,z1d,q10,10,160189.8,154977.0,104167.0,259144.0,0.4019641513438422,20.0,530.1745,900.594,mixed,1.6986746816378384,0.6557046979865772,1.4873524451939293,0.0,0.0,0.0,1.0,1.0126022929240683,1.0803476938996373,c5a,1.0,36.400553585811906
c5a,z1d,q11,11,10203.71,62785.0,0.0,62785.0,0.0,1217.0,85.429,72.5035,mixed,0.8486989195706376,0.6557046979865772,1.4873524451939293,0.0,0.0,0.006666666666666667,0.9933333333333333,1.0160187894086345,0.7181668773483694,c5a,1.0,15.380253139512096
c5a,z1d,q12,12,210511.91,1780.0,137090.0,138870.0,0.9871751481590829,2.0,717.643,1242.102,compute,1.7308076578465894,0.6557046979865772,1.4873524451939293,0.0,1.0,0.0,0.0,0.6723356009070294,1.1155358011245253,c5a,1.0,35.54825135726311
c5a,z1d,q13,13,142161.33,6288.0,23465.0,29753.0,0.7886334610472542,42.0,833.7245,1165.3690000000001,bandwidth,1.397786678932909,0.6557046979865772,1.4873524451939293,0.9933333333333333,0.006666666666666667,0.0,0.0,1.519391824510994,1.0210749286120369,c5a,1.0,26.950589528329132
c5a,z1d,q14,14,118586.59,59.0,45765.0,45824.0,0.9986906710310965,1.0,210.6895,363.295,bandwidth,1.7243146905754676,0.6557046979865772,1.4873524451939293,1.0,0.0,0.0,0.0,1.5250767656090072,1.0220435246493638,c5a,1.0,40.727552213321914
c5a,z1d,q16,16,40977.39,2576.0,19864.0,22440.0,0.8851655452074328,18141.0,306.8055,440.102,compute,1.4344658097719891,0.6557046979865772,1.4873524451939293,0.01,0.99,0.0,0.0,0.6808630125540492,0.9093600363463116,c5a,1.0,36.60636383582708
c5a,z1d,q17,17,731369.7,232628.0,1904.0,234532.0,0.008118260543292415,1.0,335.7165,293.0045,io,0.8727736051102643,0.6557046979865772,1.4873524451939293,0.0,0.0,0.9933333333333333,0.006666666666666667,1.521660269124441,0.7572771214581966,c5a,1.0,13.233269541587031
c5a,z1d,q18,18,322525.59,103902.5,293293.5,397196.0,0.7384081450766244,9.0,3564.257,6297.545,mixed,1.7668605266118578,0.6557046979865772,1.4873524451939293,0.03666666666666667,0.06666666666666667,0.013333333333333334,0.8833333333333333,1.015541570423846,1.0963672259869126,c5a,1.0,37.94828683567271
c5a,z1d,q19,19,32575.98,17350.0,3216.0,20566.0,0.15636699567267953,1.0,43.73350000000001,59.442499999999995,bandwidth,1.3591983262258907,0.6557046979865772,1.4873524451939293,0.99,0.0,0.006666666666666667,0.0033333333333333335,1.523368517366724,0.8110607448127918,c5a,1.0,40.328005916187514
c5a,z1d,q2,2,120690.45,1361569.5,23867.5,1385437.0,0.01722740389681819,100.0,1534.04,1347.4665,mixed,0.8783776824593883,0.6557046979865772,1.4873524451939293,0.0,0.0,0.0,1.0,1.0126022929240683,0.6079442259590133,c5a,1.0,30.78783328638116
c5a,z1d,q20,20,164116.85,57908.0,74292.0,132200.0,0.5619624662445821,193.0,693.21,742.5440000000001,io,1.0711674672898546,0.6557046979865772,1.4873524451939293,0.0,0.0,1.0,0.0,1.5250767656090072,0.811526151998203,c5a,1.0,24.239096427056953
c5a,z1d,q21,21,72643.41,771824.5,315764.5,1087589.0,0.2903341332671319,100.0,1585.465,2139.5119999999997,mixed,1.349453945687858,0.6557046979865772,1.4873524451939293,0.0,0.0,0.0,1.0,1.0126022929240683,0.9315288069649875,c5a,1.0,30.969944551152594
c5a,z1d,q22,22,13103.26,64494.0,0.0,64494.0,0.0,7.0,93.9025,142.582,io,1.518404728308618,0.6557046979865772,1.4873524451939293,0.0033333333333333335,0.0,0.9966666666666667,0.0,1.5250767656090072,0.827518046759339,c5a,1.0,45.50082521929919
c5a,z1d,q3,3,195291.56,493920.0,124546.0,618466.0,0.20137856991561393,10.0,487.4995,913.617,mixed,1.87408807598777,0.6557046979865772,1.4873524451939293,0.0,0.0,0.0033333333333333335,0.9966666666666667,1.0143105411663516,1.0701176486086166,c5a,1.0,42.899287268310864
c5a,z1d,q4,4,61263.21,169891.0,77503.0,247394.0,0.31327633945714345,5.0,223.132,398.5265,io,1.7860571321011778,0.6557046979865772,1.4873524451939293,0.0,0.0,0.9933333333333333,0.006666666666666667,1.521660269124441,1.0188323038291434,c5a,1.0,42.95634302411398
c5a,z1d,q5,5,83490.24,322157.5,258767.5,580925.0,0.4454396945566217,5.0,468.384,1021.2819999999999,mixed,2.1804374188699867,0.6557046979865772,1.4873524451939293,0.0,0.0,0.0,1.0,1.0126022929240683,1.1391987980293354,c5a,1.0,47.75365767572792
c5a,z1d,q6,6,168633.05,0.0,105469.0,105469.0,0.9999905186308903,1.0,506.22450000000003,887.3354999999999,bandwidth,1.7528497731737596,0.6557046979865772,1.4873524451939293,0.9933333333333333,0.0033333333333333335,0.0033333333333333335,0.0,1.5222342950600003,0.9954959328366121,c5a,1.0,43.20700221593212
c5a,z1d,q7,7,70658.3,1181932.5,500059.5,1681992.0,0.2973017723617161,4.0,2502.548,3083.709,mixed,1.2322277135143862,0.6557046979865772,1.4873524451939293,0.0,0.0,0.0,1.0,1.0126022929240683,0.8672018653888918,c5a,1.0,29.62324610314267
c5a,z1d,q8,8,90831.9,266495.5,171413.5,437909.0,0.391435454773812,2.0,353.51800000000003,725.1700000000001,mixed,2.0512958321782766,0.6557046979865772,1.4873524451939293,0.0,0.0,0.0,1.0,1.0126022929240683,1.105440054393796,c5a,1.0,46.110159390324206
c5a,z1d,q9,9,85841.45,1162326.5,321471.5,1483798.0,0.21665434469223932,175.0,1402.29,2514.5299999999997,mixed,1.7931597601066824,0.6557046979865772,1.4873524451939293,0.0,0.0,0.0,1.0,1.0126022929240683,1.0241719947168282,c5a,1.0,42.88450937266761
c7i,c5a,q1,1,231253.32,926.0,111688.0,112614.0,0.9917684145096124,4.0,4861.035,3043.2095,compute,0.6260414705921681,1.7654028436018958,0.7348203221809169,0.006666666666666667,0.9933333333333333,0.0,0.0,1.3555806708391338,1.1444839054500935,c5a,0.41888149195354507,82.81279423350892
c7i,c5a,q10,10,160189.8,156505.0,102639.0,259144.0,0.3960678384688109,20.0,844.875,530.1745,mixed,0.627518271933718,1.7654028436018958,0.7348203221809169,0.0,0.0,0.0,1.0,0.8779858360526206,1.0648122704078735,c5a,0.41888149195354507,69.68625744181438
c7i,c5a,q11,11,10203.71,62785.0,0.0,62785.0,0.0,1217.0,102.75450000000001,85.429,mixed,0.8313893795405554,1.7654028436018958,0.7348203221809169,0.0,0.0,0.006666666666666667,0.9933333333333333,0.8759088834990707,1.1325385250899782,c5a,0.41888149195354507,36.222395060644715
c7i,c5a,q12,12,210511.91,1733.0,137137.0,138870.0,0.9875135917506175,2.0,1038.817,717.643,compute,0.6908271620506788,1.7654028436018958,0.7348203221809169,0.0,1.0,0.0,0.0,1.360876897133221,1.1566721619055778,c5a,0.41888149195354507,67.43293047020127
c7i,c5a,q13,13,142161.33,6290.0,23463.0,29753.0,0.7885662431941923,42.0,1499.6860000000001,833.7245,bandwidth,0.5559327085803295,1.7654028436018958,0.7348203221809169,0.9933333333333333,0.006666666666666667,0.0,0.0,0.5717391793142215,1.0867864842217967,c5a,0.41888149195354507,95.48885457685954
c7i,c5a,q14,14,118586.59,59.0,45765.0,45824.0,0.9986906710310965,1.0,340.724,210.6895,bandwidth,0.6183582606449796,1.7654028436018958,0.7348203221809169,1.0,0.0,0.0,0.0,0.5664429530201343,1.0979285991522374,c5a,0.41888149195354507,77.55541876436504
c7i,c5a,q16,16,40977.39,2577.0,19863.0,22440.0,0.8851209839133728,18141.0,396.59749999999997,306.8055,compute,0.7735941351117948,1.7654028436018958,0.7348203221809169,0.01,0.99,0.0,0.0,1.35293255769209,1.2022042837386333,c5a,0.41888149195354507,55.40504111563599
c7i,c5a,q17,17,731369.7,232628.0,1904.0,234532.0,0.008118260543292415,1.0,278.3045,335.7165,io,1.2062920290545067,1.7654028436018958,0.7348203221809169,0.0,0.0,0.9933333333333333,0.006666666666666667,0.5685199055736841,1.2226133151152916,c5a,0.41888149195354507,1.3530128416398068
c7i,c5a,q18,18,322525.59,245407.0,151789.0,397196.0,0.382150419061574,9.0,5414.1975,3564.257,mixed,0.6583167680898231,1.7654028436018958,0.7348203221809169,0.0,0.0,0.0033333333333333335,0.9966666666666667,0.8769473597758457,1.1170685423255269,c5a,0.41888149195354507,69.68556726373862
c7i,c5a,q19,19,32575.98,17350.0,3216.0,20566.0,0.15636699567267953,1.0,53.158,43.73350000000001,bandwidth,0.8227077768162836,1.7654028436018958,0.7348203221809169,0.99,0.0,0.006666666666666667,0.0033333333333333335,0.5674814292969091,1.1932376693793278,c5a,0.41888149195354507,45.037849769321696
c7i,c5a,q2,2,120690.45,1361572.0,23865.0,1385437.0,0.017225599413326326,100.0,1391.7885,1534.04,mixed,1.1022076989427632,1.7654028436018958,0.7348203221809169,0.0,0.0,0.0,1.0,0.8779858360526206,1.129418816054425,c5a,0.41888149195354507,2.4687830739853007
c7i,c5a,q20,20,164116.85,57909.5,74290.5,132200.0,0.5619511198856287,193.0,746.219,693.21,io,0.9289632132122071,1.7654028436018958,0.7348203221809169,0.0,0.0,1.0,0.0,0.5664429530201343,1.096913538985477,c5a,0.41888149195354507,18.07933009451734
c7i,c5a,q21,21,72643.41,772253.5,315335.5,1087589.0,0.2899396831526586,100.0,2077.2865,1585.465,mixed,0.7632384844363066,1.7654028436018958,0.7348203221809169,0.0,0.0,0.0,1.0,0.8779858360526206,1.1031744319329788,c5a,0.41888149195354507,44.538627759019974
c7i,c5a,q22,22,13103.26,64494.0,0.0,64494.0,0.0,7.0,122.9015,93.9025,io,0.7640468179802525,1.7654028436018958,0.7348203221809169,0.0033333333333333335,0.0,0.9966666666666667,0.0,0.5664429530201343,1.1665128266463562,c5a,0.41888149195354507,52.67556898280359
c7i,c5a,q3,3,195291.56,493920.0,124546.0,618466.0,0.20137856991561393,10.0,855.2255,487.4995,mixed,0.5700245140024474,1.7654028436018958,0.7348203221809169,0.0,0.0,0.0033333333333333335,0.9966666666666667,0.8769473597758457,1.1146723576963962,c5a,0.41888149195354507,95.54814403852293
c7i,c5a,q4,4,61263.21,169891.0,77503.0,247394.0,0.31327633945714345,5.0,337.77099999999996,223.132,io,0.6606014133836239,1.7654028436018958,0.7348203221809169,0.0,0.0,0.9933333333333333,0.006666666666666667,0.5685199055736841,1.1555550084183743,c5a,0.41888149195354507,74.92469513493478
c7i,c5a,q5,5,83490.24,322170.5,258754.5,580925.0,0.44541731649125704,5.0,1009.4685,468.384,mixed,0.46399070401899617,1.7654028436018958,0.7348203221809169,0.0,0.0,0.0,1.0,0.8779858360526206,1.0146741922973224,c5a,0.41888149195354507,118.68416403785986
c7i,c5a,q6,6,168633.05,0.0,105469.0,105469.0,0.9999905186308903,1.0,747.0885000000001,506.22450000000003,bandwidth,0.6775964293386928,1.7654028436018958,0.7348203221809169,0.9933333333333333,0.0033333333333333335,0.0033333333333333335,0.0,0.5690910661671779,1.156769186958838,c5a,0.41888149195354507,70.71654112578466
c7i,c5a,q7,7,70658.3,1181931.0,500061.0,1681992.0,0.2973026641609091,4.0,2735.3864999999996,2502.548,mixed,0.9148791222008298,1.7654028436018958,0.7348203221809169,0.0,0.0,0.0,1.0,0.8779858360526206,1.1483479322024448,c5a,0.41888149195354507,25.51908818729881
c7i,c5a,q8,8,90831.9,266506.0,171403.0,437909.0,0.39141147724418257,2.0,736.44,353.51800000000003,mixed,0.48003639128781705,1.7654028436018958,0.7348203221809169,0.0,0.0,0.0,1.0,0.8779858360526206,1.0301395816522825,c5a,0.41888149195354507,114.59614319836811
c7i,c5a,q9,9,85841.45,1162312.0,321486.0,1483798.0,0.21666411690532209,175.0,2479.5135,1402.29,mixed,0.5655504597978596,1.7654028436018958,0.7348203221809169,0.0,0.0,0.0,1.0,0.8779858360526206,1.0600158312851953,c5a,0.41888149195354507,87.43081416007844
m5a,c5a,q1,1,231253.32,926.0,111688.0,112614.0,0.9917684145096124,4.0,4400.6265,3043.2095,compute,0.6915400568532685,1.4885114885114885,1.2975929978118161,0.006666666666666667,0.9933333333333333,0.0,0.0,0.7699987022344956,1.0597830738783685,c5a,0.41888149195354507,53.24970164428726
m5a,c5a,q10,10,160189.8,154505.0,104639.0,259144.0,0.4037855254780142,20.0,780.1095,530.1745,mixed,0.6796154898767416,1.4885114885114885,1.2975929978118161,0.0,0.0,0.0,1.0,0.7195395295458321,1.029552199708503,c5a,0.41888149195354507,51.49039641448251
m5a,c5a,q11,11,10203.71,62785.0,0.0,62785.0,0.0,1217.0,133.003,85.429,mixed,0.6423088201018023,1.4885114885114885,1.2975929978118161,0.0,0.0,0.006666666666666667,0.9933333333333333,0.7192213465524393,0.9986833080470617,c5a,0.41888149195354507,55.483355792744064
m5a,c5a,q12,12,210511.91,1747.0,137123.0,138870.0,0.987412778765905,2.0,1108.8780000000002,717.643,compute,0.6471794011604523,1.4885114885114885,1.2975929978118161,0.0,1.0,0.0,0.0,0.7706576728499157,1.0651992843062745,c5a,0.41888149195354507,64.59103648791574
m5a,c5a,q13,13,142161.33,6267.0,23486.0,29753.0,0.7893392485044027,42.0,1283.8784999999998,833.7245,bandwidth,0.649379594720217,1.4885114885114885,1.2975929978118161,0.9933333333333333,0.006666666666666667,0.0,0.0,0.6724710511523327,1.027811542479423,c5a,0.41888149195354507,58.275922255033606
m5a,c5a,q14,14,118586.59,59.0,45765.0,45824.0,0.9986906710310965,1.0,301.421,210.6895,bandwidth,0.698987462718258,1.4885114885114885,1.2975929978118161,1.0,0.0,0.0,0.0,0.6718120805369128,1.043439707210455,c5a,0.41888149195354507,49.278744307183096
m5a,c5a,q16,16,40977.39,2576.0,19864.0,22440.0,0.8851655452074328,18141.0,434.2285,306.8055,compute,0.7065531166194757,1.4885114885114885,1.2975929978118161,0.01,0.99,0.0,0.0,0.7696692169267857,1.0159650217569425,c5a,0.41888149195354507,43.79174019044133
m5a,c5a,q17,17,731369.7,232628.0,1904.0,234532.0,0.008118260543292415,1.0,540.1505,335.7165,io,0.6215240011811524,1.4885114885114885,1.2975929978118161,0.0,0.0,0.9933333333333333,0.006666666666666667,0.6721302635303056,1.0932536634161443,c5a,0.41888149195354507,75.8988649414199
m5a,c5a,q18,18,322525.59,152235.5,244960.5,397196.0,0.6167229359738367,9.0,4948.0075,3564.257,mixed,0.7203418749870529,1.4885114885114885,1.2975929978118161,0.0,0.0,0.01,0.99,0.719062255055743,1.062523311166468,c5a,0.41888149195354507,47.50264396132257
m5a,c5a,q19,19,32575.98,17350.0,3216.0,20566.0,0.15636699567267953,1.0,61.980000000000004,43.73350000000001,bandwidth,0.7056066473055825,1.4885114885114885,1.2975929978118161,0.99,0.0,0.006666666666666667,0.0033333333333333335,0.6719711720336091,1.10455470269957,c5a,0.41888149195354507,56.539724635163736
m5a,c5a,q2,2,120690.45,1361570.5,23866.5,1385437.0,0.017226682103421445,100.0,2480.223,1534.04,mixed,0.6185089002077636,1.4885114885114885,1.2975929978118161,0.0,0.0,0.0,1.0,0.7195395295458321,0.9790481089952989,c5a,0.41888149195354507,58.291676751365486
m5a,c5a,q20,20,164116.85,57906.0,74294.0,132200.0,0.5619775947231866,193.0,1043.5055,693.21,io,0.6643089087695274,1.4885114885114885,1.2975929978118161,0.0,0.0,1.0,0.0,0.6718120805369128,1.035193864081556,c5a,0.41888149195354507,55.83019441949133
m5a,c5a,q21,21,72643.41,771775.5,315813.5,1087589.0,0.2903791870098107,100.0,2269.7135,1585.465,mixed,0.6985308938771347,1.4885114885114885,1.2975929978118161,0.0,0.0,0.0,1.0,0.7195395295458321,0.996180655297901,c5a,0.41888149195354507,42.610822803940316
m5a,c5a,q22,22,13103.26,64494.0,0.0,64494.0,0.0,7.0,131.582,93.9025,io,0.7136424434953109,1.4885114885114885,1.2975929978118161,0.0033333333333333335,0.0,0.9966666666666667,0.0,0.6718120805369128,1.1026168822098545,c5a,0.41888149195354507,54.50550794168109
m5a,c5a,q3,3,195291.56,493920.0,124546.0,618466.0,0.20137856991561393,10.0,729.5985000000001,487.4995,mixed,0.6681750305133577,1.4885114885114885,1.2975929978118161,0.0,0.0,0.0033333333333333335,0.9966666666666667,0.7193804380491358,1.0626285516232734,c5a,0.41888149195354507,59.03445999873084
m5a,c5a,q4,4,61263.21,169891.0,77503.0,247394.0,0.31327633945714345,5.0,315.9345,223.132,io,0.7062603166162607,1.4885114885114885,1.2975929978118161,0.0,0.0,0.9933333333333333,0.006666666666666667,0.6721302635303056,1.117032033427957,c5a,0.41888149195354507,58.16151738210786
m5a,c5a,q5,5,83490.24,322143.5,258781.5,580925.0,0.4454637940116297,5.0,698.4615,468.384,mixed,0.6705938695260941,1.4885114885114885,1.2975929978118161,0.0,0.0,0.0,1.0,0.7195395295458321,1.0805732779594843,c5a,0.41888149195354507,61.136766538459554
m5a,c5a,q6,6,168633.05,0.0,105469.0,105469.0,0.9999905186308903,1.0,761.749,506.22450000000003,bandwidth,0.6645555163183674,1.4885114885114885,1.2975929978118161,0.9933333333333333,0.0033333333333333335,0.0033333333333333335,0.0,0.6721415658446228,1.0946116078642283,c5a,0.41888149195354507,64.71334312720303
m5a,c5a,q7,7,70658.3,1181928.0,500064.0,1681992.0,0.2973044477592951,4.0,3633.729,2502.548,mixed,0.6886996801357503,1.4885114885114885,1.2975929978118161,0.0,0.0,0.0,1.0,0.7195395295458321,0.964579135152829,c5a,0.41888149195354507,40.05801991409373
m5a,c5a,q8,8,90831.9,266512.0,171397.0,437909.0,0.39139777579868007,2.0,520.2660000000001,353.51800000000003,mixed,0.6794947200086109,1.4885114885114885,1.2975929978118161,0.0,0.0,0.0,1.0,0.7195395295458321,1.050381248198304,c5a,0.41888149195354507,54.582694650665275
m5a,c5a,q9,9,85841.45,1162311.0,321487.0,1483798.0,0.21666479085105192,175.0,2088.801,1402.29,mixed,0.6713372887125197,1.4885114885114885,1.2975929978118161,0.0,0.0,0.0,1.0,0.7195395295458321,1.0423377271879892,c5a,0.41888149195354507,55.26289760948158
r5n,c5a,q1,1,231253.32,926.0,111688.0,112614.0,0.9917684145096124,4.0,7103.264,3043.2095,compute,0.4284241019339841,1.5867944621938233,0.8411347517730496,0.006666666666666667,0.9933333333333333,0.0,0.0,1.1851456930407325,1.1541160448044312,c5a,0.41888149195354507,169.38634861917012
r5n,c5a,q10,10,160189.8,156191.0,102952.0,259143.0,0.3972771895162535,20.0,1038.925,530.1745,mixed,0.5103106576509373,1.5867944621938233,0.8411347517730496,0.0,0.0,0.0,1.0,0.8655793236005178,1.0680467422778828,c5a,0.41888149195354507,109.293442389449
r5n,c5a,q11,11,10203.71,62785.0,0.0,62785.0,0.0,1217.0,102.45349999999999,85.429,mixed,0.8338319335113004,1.5867944621938233,0.8411347517730496,0.0,0.0,0.006666666666666667,0.9933333333333333,0.8640101370583935,1.1211437382123832,c5a,0.41888149195354507,34.45680036397756
r5n,c5a,q12,12,210511.91,1684.0,137186.0,138870.0,0.987866437197111,2.0,1559.5430000000001,717.643,compute,0.4601623680783409,1.5867944621938233,0.8411347517730496,0.0,1.0,0.0,0.0,1.1888701517706577,1.165836751617219,c5a,0.41888149195354507,153.35334492601095
r5n,c5a,q13,13,142161.33,6292.0,23461.0,29753.0,0.7884990253411306,42.0,1625.7675,833.7245,bandwidth,0.5128190224001895,1.5867944621938233,0.8411347517730496,0.9933333333333333,0.006666666666666667,0.0,0.0,0.6339258010118044,1.0882517005989194,c5a,0.41888149195354507,112.2096983660014
r5n,c5a,q14,14,118586.59,59.0,45765.0,45824.0,0.9986906710310965,1.0,422.8055,210.6895,bandwidth,0.49831305411116933,1.5867944621938233,0.8411347517730496,1.0,0.0,0.0,0.0,0.6302013422818792,1.1072671496771913,c5a,0.41888149195354507,122.20311921231941
r5n,c5a,q16,16,40977.39,2577.0,19863.0,22440.0,0.8851209839133728,18141.0,560.7415000000001,306.8055,compute,0.5471424890078582,1.5867944621938233,0.8411347517730496,0.01,0.99,0.0,0.0,1.18328346367577,1.1849379987043358,c5a,0.41888149195354507,116.5684483493508
r5n,c5a,q17,17,731369.7,232628.0,1904.0,234532.0,0.008118260543292415,1.0,362.418,335.7165,io,0.9263240236412098,1.5867944621938233,0.8411347517730496,0.0,0.0,0.9933333333333333,0.006666666666666667,0.6317705288240034,1.2210911217098117,c5a,0.41888149195354507,31.82116522358197
r5n,c5a,q18,18,322525.59,245400.0,151796.0,397196.0,0.3821680425582268,9.0,7234.161,3564.257,mixed,0.4926980474999105,1.5867944621938233,0.8411347517730496,0.0,0.0,0.0033333333333333335,0.9966666666666667,0.8647947303294558,1.1083161566238424,c5a,0.41888149195354507,124.9483557419707
r5n,c5a,q19,19,32575.98,17350.0,3216.0,20566.0,0.15636699567267953,1.0,73.7775,43.73350000000001,bandwidth,0.5927755752092441,1.5867944621938233,0.8411347517730496,0.99,0.0,0.006666666666666667,0.0033333333333333335,0.6309859355529414,1.2050339174755993,c5a,0.41888149195354507,103.28670206262022
r5n,c5a,q2,2,120690.45,1361559.0,23878.0,1385437.0,0.017234982727484017,100.0,1687.966,1534.04,mixed,0.9088097746044648,1.5867944621938233,0.8411347517730496,0.0,0.0,0.0,1.0,0.8655793236005178,1.0797071476433415,c5a,0.41888149195354507,18.80452629520356
r5n,c5a,q20,20,164116.85,57909.0,74291.0,132200.0,0.5619549020052799,193.0,885.5885000000001,693.21,io,0.7827676172398355,1.5867944621938233,0.8411347517730496,0.0,0.0,1.0,0.0,0.6302013422818792,1.1245915630554104,c5a,0.41888149195354507,43.66863655153507
r5n,c5a,q21,21,72643.41,772134.0,315455.0,1087589.0,0.29004955911694663,100.0,2575.3975,1585.465,mixed,0.6156195305773186,1.5867944621938233,0.8411347517730496,0.0,0.0,0.0,1.0,0.8655793236005178,1.1031263925251538,c5a,0.41888149195354507,79.18963543776117
r5n,c5a,q22,22,13103.26,64494.0,0.0,64494.0,0.0,7.0,177.9305,93.9025,io,0.5277481938172489,1.5867944621938233,0.8411347517730496,0.0033333333333333335,0.0,0.9966666666666667,0.0,0.6302013422818792,1.1978567321269153,c5a,0.41888149195354507,126.97505101111055
r5n,c5a,q3,3,195291.56,493920.0,124546.0,618466.0,0.20137856991561393,10.0,1067.1325,487.4995,mixed,0.45683127446685395,1.5867944621938233,0.8411347517730496,0.0,0.0,0.0033333333333333335,0.9966666666666667,0.8647947303294558,1.1187519206292391,c5a,0.41888149195354507,144.89389916110304
r5n,c5a,q4,4,61263.21,169891.0,77503.0,247394.0,0.31327633945714345,5.0,439.73,223.132,io,0.5074295590475973,1.5867944621938233,0.8411347517730496,0.0,0.0,0.9933333333333333,0.006666666666666667,0.6317705288240034,1.1650473709654514,c5a,0.41888149195354507,129.59785258709553
r5n,c5a,q5,5,83490.24,322186.0,258739.0,580925.0,0.4453906349517839,5.0,1107.366,468.384,mixed,0.42297126695238974,1.5867944621938233,0.8411347517730496,0.0,0.0,0.0,1.0,0.8655793236005178,1.0342191445851254,c5a,0.41888149195354507,144.51286065763392
r5n,c5a,q6,6,168633.05,0.0,105469.0,105469.0,0.9999905186308903,1.0,1067.0695,506.22450000000003,bandwidth,0.4744063062434078,1.5867944621938233,0.8411347517730496,0.9933333333333333,0.0033333333333333335,0.0033333333333333335,0.0,0.6320635716468418,1.1593564313458937,c5a,0.41888149195354507,144.3804848477399
r5n,c5a,q7,7,70658.3,1181933.0,500059.0,1681992.0,0.29730147509531846,4.0,3602.5985,2502.548,mixed,0.6946508194016069,1.5867944621938233,0.8411347517730496,0.0,0.0,0.0,1.0,0.8655793236005178,1.132115243353211,c5a,0.41888149195354507,62.976161797152855
r5n,c5a,q8,8,90831.9,266514.5,171394.5,437909.0,0.39139206686305406,2.0,821.899,353.51800000000003,mixed,0.4301234093240167,1.5867944621938233,0.8411347517730496,0.0,0.0,0.0,1.0,0.8655793236005178,1.0354831058537275,c5a,0.41888149195354507,140.74093234801984
r5n,c5a,q9,9,85841.45,1162328.5,321469.5,1483798.0,0.21665299680077962,175.0,3018.959,1402.29,mixed,0.4644945492800664,1.5867944621938233,0.8411347517730496,0.0,0.0,0.0,1.0,0.8655793236005178,1.0510937187086353,c5a,0.41888149195354507,126.28763251102862
z1d,c5a,q1,1,231253.32,926.0,111688.0,112614.0,0.9917684145096124,4.0,5716.394,3043.2095,compute,0.5323652463423619,1.5250767656090072,0.6723356009070295,0.006666666666666667,0.9933333333333333,0.0,0.0,1.4818081268792134,0.9068316537727846,c5a,0.41888149195354507,70.3401302025649
z1d,c5a,q10,10,160189.8,156403.5,102740.5,259144.0,0.396459511084528,20.0,900.594,530.1745,mixed,0.5886942395796552,1.5250767656090072,0.6723356009070295,0.0,0.0,0.0,1.0,0.9875545483037798,0.955848924571085,c5a,0.41888149195354507,62.36763676396577
z1d,c5a,q11,11,10203.71,62785.0,0.0,62785.0,0.0,1217.0,72.5035,85.429,mixed,1.1782741522823037,1.5250767656090072,0.6723356009070295,0.0,0.0,0.006666666666666667,0.9933333333333333,0.9853422159683317,1.2977662831941856,c5a,0.41888149195354507,10.141284240210737
z1d,c5a,q12,12,210511.91,1726.0,137144.0,138870.0,0.9875639982429737,2.0,1242.102,717.643,compute,0.577764950060462,1.5250767656090072,0.6723356009070295,0.0,1.0,0.0,0.0,1.487352445193929,0.9588417984937402,c5a,0.41888149195354507,65.9570727496362
z1d,c5a,q13,13,142161.33,6247.0,23506.0,29753.0,0.7900114270350205,42.0,1165.3690000000001,833.7245,bandwidth,0.7154167478283702,1.5250767656090072,0.6723356009070295,0.9933333333333333,0.006666666666666667,0.0,0.0,0.6612490163012928,0.9473975845307545,c5a,0.41888149195354507,32.42597233103033
z1d,c5a,q14,14,118586.59,59.0,45765.0,45824.0,0.9986906710310965,1.0,363.295,210.6895,bandwidth,0.5799405441858545,1.5250767656090072,0.6723356009070295,1.0,0.0,0.0,0.0,0.6557046979865772,0.926957569927579,c5a,0.41888149195354507,59.83665553662608
z1d,c5a,q16,16,40977.39,2577.0,19863.0,22440.0,0.8851209839133728,18141.0,440.102,306.8055,compute,0.6971236213423252,1.5250767656090072,0.6723356009070295,0.01,0.99,0.0,0.0,1.4790359677218554,1.1018384418611473,c5a,0.41888149195354507,58.054957274225735
z1d,c5a,q17,17,731369.7,232628.0,1904.0,234532.0,0.008118260543292415,1.0,293.0045,335.7165,io,1.145772505200432,1.5250767656090072,0.6723356009070295,0.0,0.0,0.9933333333333333,0.006666666666666667,0.6579170303220252,1.2813147092807209,c5a,0.41888149195354507,11.829765809974495
z1d,c5a,q18,18,322525.59,243369.5,153826.5,397196.0,0.38728011540872664,9.0,6297.545,3564.257,mixed,0.5659756301860487,1.5250767656090072,0.6723356009070295,0.0,0.0,0.0033333333333333335,0.9966666666666667,0.9864483821360558,0.9370334152493202,c5a,0.41888149195354507,65.56073535203213
z1d,c5a,q19,19,32575.98,17350.0,3216.0,20566.0,0.15636699567267953,1.0,59.442499999999995,43.73350000000001,bandwidth,0.7357278041805108,1.5250767656090072,0.6723356009070295,0.99,0.0,0.006666666666666667,0.0033333333333333335,0.6568108641543012,1.1783939752811583,c5a,0.41888149195354507,60.16711188368238
z1d,c5a,q2,2,120690.45,1361565.0,23872.0,1385437.0,0.017230651967103543,100.0,1347.4665,1534.04,mixed,1.1384624404391501,1.5250767656090072,0.6723356009070295,0.0,0.0,0.0,1.0,0.9875545483037798,1.3447078460464084,c5a,0.41888149195354507,18.116136139520002
z1d,c5a,q20,20,164116.85,57909.0,74291.0,132200.0,0.5619549020052799,193.0,742.5440000000001,693.21,io,0.9335608394923398,1.5250767656090072,0.6723356009070295,0.0,0.0,1.0,0.0,0.6557046979865772,1.1997039807746046,c5a,0.41888149195354507,28.508387458388952
z1d,c5a,q21,21,72643.41,772092.0,315497.0,1087589.0,0.2900881766106713,100.0,2139.5119999999997,1585.465,mixed,0.7410404802590498,1.5250767656090072,0.6723356009070295,0.0,0.0,0.0,1.0,0.9875545483037798,1.090198331303288,c5a,0.41888149195354507,47.117243975954054
z1d,c5a,q22,22,13103.26,64494.0,0.0,64494.0,0.0,7.0,142.582,93.9025,io,0.6585859365137254,1.5250767656090072,0.6723356009070295,0.0033333333333333335,0.0,0.9966666666666667,0.0,0.6557046979865772,1.1094881237039047,c5a,0.41888149195354507,68.46520130342658
z1d,c5a,q3,3,195291.56,493920.0,124546.0,618466.0,0.20137856991561393,10.0,913.617,487.4995,mixed,0.5335928512713752,1.5250767656090072,0.6723356009070295,0.0,0.0,0.0033333333333333335,0.9966666666666667,0.9864483821360558,1.0011922195337122,c5a,0.41888149195354507,87.63224003998599
z1d,c5a,q4,4,61263.21,169891.0,77503.0,247394.0,0.31327633945714345,5.0,398.5265,223.132,io,0.5598925040116529,1.5250767656090072,0.6723356009070295,0.0,0.0,0.9933333333333333,0.006666666666666667,0.6579170303220252,1.024966223920993,c5a,0.41888149195354507,83.06482343969023
z1d,c5a,q5,5,83490.24,322193.5,258731.5,580925.0,0.4453777245294581,5.0,1021.2819999999999,468.384,mixed,0.45862357311692564,1.5250767656090072,0.6723356009070295,0.0,0.0,0.0,1.0,0.9875545483037798,0.8855391057958206,c5a,0.41888149195354507,93.08626021498753
z1d,c5a,q6,6,168633.05,0.0,105469.0,105469.0,0.9999905186308903,1.0,887.3354999999999,506.22450000000003,bandwidth,0.5704995461130543,1.5250767656090072,0.6723356009070295,0.9933333333333333,0.0033333333333333335,0.0033333333333333335,0.0,0.658476857143935,0.9833304322181975,c5a,0.41888149195354507,72.36305250685223
z1d,c5a,q7,7,70658.3,1181936.5,500055.5,1681992.0,0.29729939423053486,4.0,3083.709,2502.548,mixed,0.8115383131157966,1.5250767656090072,0.6723356009070295,0.0,0.0,0.0,1.0,0.9875545483037798,1.2430383642289864,c5a,0.41888149195354507,53.17063213645466
z1d,c5a,q8,8,90831.9,266508.5,171400.5,437909.0,0.39140576830855656,2.0,725.1700000000001,353.51800000000003,mixed,0.48749672490588414,1.5250767656090072,0.6723356009070295,0.0,0.0,0.0,1.0,0.9875545483037798,0.8899286865136942,c5a,0.41888149195354507,82.55070055814289
z1d,c5a,q9,9,85841.45,1162313.5,321484.5,1483798.0,0.2166631059867273,175.0,2514.5299999999997,1402.29,mixed,0.55767479409671,1.5250767656090072,0.6723356009070295,0.0,0.0,0.0,1.0,0.9875545483037798,0.9587566988028622,c5a,0.41888149195354507,71.92039320260153
c5a,c7i,q1,1,231253.32,926.0,111688.0,112614.0,0.9917684145096124,4.0,3043.2095,4861.035,compute,1.5973382706645731,0.5664429530201341,1.360876897133221,0.006666666666666667,0.9933333333333333,0.0,0.0,0.7416908723237233,2.0909851352542326,c7i,0.8082587527881575,30.904340906092326
c5a,c7i,q10,10,160189.8,154977.0,104167.0,259144.0,0.4019641513438422,20.0,530.1745,844.875,mixed,1.5935790951846986,0.5664429530201341,1.360876897133221,0.0,0.0,0.0,1.0,1.138970537948481,1.9617019144699261,c7i,0.8082587527881575,23.10037954172343
c5a,c7i,q11,11,10203.71,62785.0,0.0,62785.0,0.0,1217.0,85.429,102.75450000000001,mixed,1.2028058387666951,0.5664429530201341,1.360876897133221,0.0,0.0,0.006666666666666667,0.9933333333333333,1.1431467533195034,1.1709271797692387,c7i,0.8082587527881575,2.650357852448027
c5a,c7i,q12,12,210511.91,1780.0,137090.0,138870.0,0.9871751481590829,2.0,717.643,1038.817,compute,1.447540072152867,0.5664429530201341,1.360876897133221,0.0,1.0,0.0,0.0,0.7348203221809169,2.055631020212676,c7i,0.8082587527881575,42.00857439168645
c5a,c7i,q13,13,142161.33,6288.0,23465.0,29753.0,0.7886334610472542,42.0,833.7245,1499.6860000000001,bandwidth,1.7987788532063052,0.5664429530201341,1.360876897133221,0.9933333333333333,0.006666666666666667,0.0,0.0,1.7585322934590895,1.7988421417871483,c7i,0.8082587527881575,0.0035184192170335323
c5a,c7i,q14,14,118586.59,59.0,45765.0,45824.0,0.9986906710310965,1.0,210.6895,340.724,bandwidth,1.6171854791055083,0.5664429530201341,1.360876897133221,1.0,0.0,0.0,0.0,1.765402843601896,1.9589526070966874,c7i,0.8082587527881575,21.133452681025563
c5a,c7i,q16,16,40977.39,2576.0,19864.0,22440.0,0.8851655452074328,18141.0,306.8055,396.59749999999997,compute,1.2926675043309197,0.5664429530201341,1.360876897133221,0.01,0.99,0.0,0.0,0.7451261473951266,1.7241194376482922,c7i,0.8082587527881575,33.37686851969645
c5a,c7i,q17,17,731369.7,232628.0,1904.0,234532.0,0.008118260543292415,1.0,335.7165,278.3045,io,0.8289866598752221,0.5664429530201341,1.360876897133221,0.0,0.0,0.9933333333333333,0.006666666666666667,1.761226628230873,1.1259888700477023,c7i,0.8082587527881575,35.827139874263416
c5a,c7i,q18,18,322525.59,103902.5,293293.5,397196.0,0.7384081450766244,9.0,3564.257,5414.1975,mixed,1.5190255640937227,0.5664429530201341,1.360876897133221,0.03666666666666667,0.06666666666666667,0.013333333333333334,0.8833333333333333,1.143348805513314,2.021018701921753,c7i,0.8082587527881575,33.0470500098218
c5a,c7i,q19,19,32575.98,17350.0,3216.0,20566.0,0.15636699567267953,1.0,43.73350000000001,53.158,bandwidth,1.2154984165456686,0.5664429530201341,1.360876897133221,0.99,0.0,0.006666666666666667,0.0033333333333333335,1.7633147359163848,1.6701754681637817,c7i,0.8082587527881575,37.40663463061205
c5a,c7i,q2,2,120690.45,1361569.5,23867.5,1385437.0,0.01722740389681819,100.0,1534.04,1391.7885,mixed,0.9072700190347058,0.5664429530201341,1.360876897133221,0.0,0.0,0.0,1.0,1.138970537948481,0.9952689768003489,c7i,0.8082587527881575,9.69931287482308
c5a,c7i,q20,20,164116.85,57908.0,74292.0,132200.0,0.5619624662445821,193.0,693.21,746.219,io,1.076468891100821,0.5664429530201341,1.360876897133221,0.0,0.0,1.0,0.0,1.765402843601896,1.3457416613243665,c7i,0.8082587527881575,25.01444978574172
c5a,c7i,q21,21,72643.41,771824.5,315764.5,1087589.0,0.2903341332671319,100.0,1585.465,2077.2865,mixed,1.310206469395414,0.5664429530201341,1.360876897133221,0.0,0.0,0.0,1.0,1.138970537948481,1.6110908221813083,c7i,0.8082587527881575,22.964651741090492
c5a,c7i,q22,22,13103.26,64494.0,0.0,64494.0,0.0,7.0,93.9025,122.9015,io,1.3088203189478447,0.5664429530201341,1.360876897133221,0.0033333333333333335,0.0,0.9966666666666667,0.0,1.765402843601896,1.5748419875000381,c7i,0.8082587527881575,20.325300937110082
c5a,c7i,q3,3,195291.56,493920.0,124546.0,618466.0,0.20137856991561393,10.0,487.4995,855.2255,mixed,1.754310517241556,0.5664429530201341,1.360876897133221,0.0,0.0,0.0033333333333333335,0.9966666666666667,1.1410586456339924,1.8410048393817628,c7i,0.8082587527881575,4.941788884474298
c5a,c7i,q4,4,61263.21,169891.0,77503.0,247394.0,0.31327633945714345,5.0,223.132,337.77099999999996,io,1.5137721169531935,0.5664429530201341,1.360876897133221,0.0,0.0,0.9933333333333333,0.006666666666666667,1.761226628230873,1.937411340784853,c7i,0.8082587527881575,27.98566700279357
c5a,c7i,q5,5,83490.24,322157.5,258767.5,580925.0,0.4454396945566217,5.0,468.384,1009.4685,mixed,2.1552155923344944,0.5664429530201341,1.360876897133221,0.0,0.0,0.0,1.0,1.138970537948481,2.027691227760746,c7i,0.8082587527881575,5.91701196981486
c5a,c7i,q6,6,168633.05,0.0,105469.0,105469.0,0.9999905186308903,1.0,506.22450000000003,747.0885000000001,bandwidth,1.4758047072000664,0.5664429530201341,1.360876897133221,0.9933333333333333,0.0033333333333333335,0.0033333333333333335,0.0,1.7619675685304927,2.077406084414781,c7i,0.8082587527881575,40.76429450859305
c5a,c7i,q7,7,70658.3,1181932.5,500059.5,1681992.0,0.2973017723617161,4.0,2502.548,2735.3864999999996,mixed,1.0930405730479495,0.5664429530201341,1.360876897133221,0.0,0.0,0.0,1.0,1.138970537948481,1.4067601008147173,c7i,0.8082587527881575,28.701544618051926
c5a,c7i,q8,8,90831.9,266495.5,171413.5,437909.0,0.391435454773812,2.0,353.51800000000003,736.44,mixed,2.0831753970094873,0.5664429530201341,1.360876897133221,0.0,0.0,0.0,1.0,1.138970537948481,1.9799678319379372,c7i,0.8082587527881575,4.9543387090549444
c5a,c7i,q9,9,85841.45,1162326.5,321471.5,1483798.0,0.21665434469223932,175.0,1402.29,2479.5135,mixed,1.7681888197163211,0.5664429530201341,1.360876897133221,0.0,0.0,0.0,1.0,1.138970537948481,1.8425137992984242,c7i,0.8082587527881575,4.20345263771249
c7i,c5a,q1,1,231253.32,926.0,111688.0,112614.0,0.9917684145096124,4.0,4861.035,3043.2095,compute,0.6260414705921681,1.7654028436018958,0.7348203221809169,0.006666666666666667,0.9933333333333333,0.0,0.0,1.3555806708391338,0.4426073504162228,c7i,1.0,29.300634030272192
c7i,c5a,q10,10,160189.8,156505.0,102639.0,259144.0,0.3960678384688109,20.0,844.875,530.1745,mixed,0.627518271933718,1.7654028436018958,0.7348203221809169,0.0,0.0,0.0,1.0,0.8779858360526206,0.49771139593964653,c7i,1.0,20.685752399538483
c7i,c5a,q11,11,10203.71,62785.0,0.0,62785.0,0.0,1217.0,102.75450000000001,85.429,mixed,0.8313893795405554,1.7654028436018958,0.7348203221809169,0.0,0.0,0.006666666666666667,0.9933333333333333,0.8759088834990707,0.8251259124304585,c7i,1.0,0.7533734810947642
c7i,c5a,q12,12,210511.91,1733.0,137137.0,138870.0,0.9875135917506175,2.0,1038.817,717.643,compute,0.6908271620506788,1.7654028436018958,0.7348203221809169,0.0,1.0,0.0,0.0,1.360876897133221,0.47215660415434707,c7i,1.0,31.65343951549638
c7i,c5a,q13,13,142161.33,6290.0,23463.0,29753.0,0.7885662431941923,42.0,1499.6860000000001,833.7245,bandwidth,0.5559327085803295,1.7654028436018958,0.7348203221809169,0.9933333333333333,0.006666666666666667,0.0,0.0,0.5717391793142215,0.5676446891505427,c7i,1.0,2.106726297886256
c7i,c5a,q14,14,118586.59,59.0,45765.0,45824.0,0.9986906710310965,1.0,340.724,210.6895,bandwidth,0.6183582606449796,1.7654028436018958,0.7348203221809169,1.0,0.0,0.0,0.0,0.5664429530201343,0.5274648703140208,c7i,1.0,14.699147098989554
c7i,c5a,q16,16,40977.39,2577.0,19863.0,22440.0,0.8851209839133728,18141.0,396.59749999999997,306.8055,compute,0.7735941351117948,1.7654028436018958,0.7348203221809169,0.01,0.99,0.0,0.0,1.35293255769209,0.604807275102324,c7i,1.0,21.818528909229485
c7i,c5a,q17,17,731369.7,232628.0,1904.0,234532.0,0.008118260543292415,1.0,278.3045,335.7165,io,1.2062920290545067,1.7654028436018958,0.7348203221809169,0.0,0.0,0.9933333333333333,0.006666666666666667,0.5685199055736841,0.8600733806084441,c7i,1.0,28.70106409618153
c7i,c5a,q18,18,322525.59,245407.0,151789.0,397196.0,0.382150419061574,9.0,5414.1975,3564.257,mixed,0.6583167680898231,1.7654028436018958,0.7348203221809169,0.0,0.0,0.0033333333333333335,0.9966666666666667,0.8769473597758457,0.4846776852328943,c7i,1.0,26.376220578546295
c7i,c5a,q19,19,32575.98,17350.0,3216.0,20566.0,0.15636699567267953,1.0,53.158,43.73350000000001,bandwidth,0.8227077768162836,1.7654028436018958,0.7348203221809169,0.99,0.0,0.006666666666666667,0.0033333333333333335,0.5674814292969091,0.6230053240705862,c7i,1.0,24.273801509268143
c7i,c5a,q2,2,120690.45,1361572.0,23865.0,1385437.0,0.017225599413326326,100.0,1391.7885,1534.04,mixed,1.1022076989427632,1.7654028436018958,0.7348203221809169,0.0,0.0,0.0,1.0,0.8779858360526206,0.9297454241684334,c7i,1.0,15.646985131727481
c7i,c5a,q20,20,164116.85,57909.5,74290.5,132200.0,0.5619511198856287,193.0,746.219,693.21,io,0.9289632132122071,1.7654028436018958,0.7348203221809169,0.0,0.0,1.0,0.0,0.5664429530201343,0.751301344240513,c7i,1.0,19.12474750828589
c7i,c5a,q21,21,72643.41,772253.5,315335.5,1087589.0,0.2899396831526586,100.0,2077.2865,1585.465,mixed,0.7632384844363066,1.7654028436018958,0.7348203221809169,0.0,0.0,0.0,1.0,0.8779858360526206,0.5745777032619566,c7i,1.0,24.718457601582596
c7i,c5a,q22,22,13103.26,64494.0,0.0,64494.0,0.0,7.0,122.9015,93.9025,io,0.7640468179802525,1.7654028436018958,0.7348203221809169,0.0033333333333333335,0.0,0.9966666666666667,0.0,0.5664429530201343,0.6277589321697346,c7i,1.0,17.837635417524957
c7i,c5a,q3,3,195291.56,493920.0,124546.0,618466.0,0.20137856991561393,10.0,855.2255,487.4995,mixed,0.5700245140024474,1.7654028436018958,0.7348203221809169,0.0,0.0,0.0033333333333333335,0.9966666666666667,0.8769473597758457,0.4769929742730548,c7i,1.0,16.3206208582449
c7i,c5a,q4,4,61263.21,169891.0,77503.0,247394.0,0.31327633945714345,5.0,337.77099999999996,223.132,io,0.6606014133836239,1.7654028436018958,0.7348203221809169,0.0,0.0,0.9933333333333333,0.006666666666666667,0.5685199055736841,0.5324087149056473,c7i,1.0,19.405453255294898
c7i,c5a,q5,5,83490.24,322170.5,258754.5,580925.0,0.44541731649125704,5.0,1009.4685,468.384,mixed,0.46399070401899617,1.7654028436018958,0.7348203221809169,0.0,0.0,0.0,1.0,0.8779858360526206,0.4909409276111504,c7i,1.0,5.808354210271171
c7i,c5a,q6,6,168633.05,0.0,105469.0,105469.0,0.9999905186308903,1.0,747.0885000000001,506.22450000000003,bandwidth,0.6775964293386928,1.7654028436018958,0.7348203221809169,0.9933333333333333,0.0033333333333333335,0.0033333333333333335,0.0,0.5690910661671779,0.4722889743383664,c7i,1.0,30.299370851274748
c7i,c5a,q7,7,70658.3,1181931.0,500061.0,1681992.0,0.2973026641609091,4.0,2735.3864999999996,2502.548,mixed,0.9148791222008298,1.7654028436018958,0.7348203221809169,0.0,0.0,0.0,1.0,0.8779858360526206,0.6161454287043252,c7i,1.0,32.65280475281499
c7i,c5a,q8,8,90831.9,266506.0,171403.0,437909.0,0.39141147724418257,2.0,736.44,353.51800000000003,mixed,0.48003639128781705,1.7654028436018958,0.7348203221809169,0.0,0.0,0.0,1.0,0.8779858360526206,0.47736272791787754,c7i,1.0,0.5569709752143476
c7i,c5a,q9,9,85841.45,1162312.0,321486.0,1483798.0,0.21666411690532209,175.0,2479.5135,1402.29,mixed,0.5655504597978596,1.7654028436018958,0.7348203221809169,0.0,0.0,0.0,1.0,0.8779858360526206,0.5402980710836621,c7i,1.0,4.465099139557451
c7i,m5a,q1,1,231253.32,926.0,111688.0,112614.0,0.9917684145096124,4.0,4861.035,4400.6265,compute,0.9052859113336975,1.1860189573459716,0.5662949194547707,0.006666666666666667,0.9933333333333333,0.0,0.0,1.759712949340958,0.6290779089252113,c7i,1.0,30.510582231592153
c7i,m5a,q10,10,160189.8,156505.0,102639.0,259144.0,0.3960678384688109,20.0,844.875,780.1095,mixed,0.9233430980914337,1.1860189573459716,0.5662949194547707,0.0,0.0,0.0,1.0,1.2202051450971687,0.7378096429582089,c7i,1.0,20.093663505659556
c7i,m5a,q11,11,10203.71,62785.0,0.0,62785.0,0.0,1217.0,102.75450000000001,133.003,mixed,1.2943764020067245,1.1860189573459716,0.5662949194547707,0.0,0.0,0.006666666666666667,0.9933333333333333,1.2176914897509,1.2095409882437849,c7i,1.0,6.554153307447192
c7i,m5a,q12,12,210511.91,1733.0,137137.0,138870.0,0.9875135917506175,2.0,1038.817,1108.8780000000002,compute,1.0674430626375966,1.1860189573459716,0.5662949194547707,0.0,1.0,0.0,0.0,1.7658643326039387,0.7375576621546619,c7i,1.0,30.90426197232524
c7i,m5a,q13,13,142161.33,6290.0,23463.0,29753.0,0.7885662431941923,42.0,1499.6860000000001,1283.8784999999998,bandwidth,0.8560982098919372,1.1860189573459716,0.5662949194547707,0.9933333333333333,0.006666666666666667,0.0,0.0,0.8493082264198237,0.8410149113562658,c7i,1.0,1.7618654450375835
c7i,m5a,q14,14,118586.59,59.0,45765.0,45824.0,0.9986906710310965,1.0,340.724,301.421,bandwidth,0.8846485718646176,1.1860189573459716,0.5662949194547707,1.0,0.0,0.0,0.0,0.8431568431568431,0.7933147605509623,c7i,1.0,10.324304386898694
c7i,m5a,q16,16,40977.39,2577.0,19863.0,22440.0,0.8851209839133728,18141.0,396.59749999999997,434.2285,compute,1.0948846122328053,1.1860189573459716,0.5662949194547707,0.01,0.99,0.0,0.0,1.7566372577094675,0.8588408864193635,c7i,1.0,21.558776438740544
c7i,m5a,q17,17,731369.7,232628.0,1904.0,234532.0,0.008118260543292415,1.0,278.3045,540.1505,io,1.9408615383509786,1.1860189573459716,0.5662949194547707,0.0,0.0,0.9933333333333333,0.006666666666666667,0.8456704985031119,1.0023437698812812,c7i,1.0,48.35573017058671
c7i,m5a,q18,18,322525.59,245407.0,151789.0,397196.0,0.382150419061574,9.0,5414.1975,4948.0075,mixed,0.9138949031689367,1.1860189573459716,0.5662949194547707,0.0,0.0,0.0033333333333333335,0.9966666666666667,1.2189483174240343,0.697179293295566,c7i,1.0,23.713406117257886
c7i,m5a,q19,19,32575.98,17350.0,3216.0,20566.0,0.15636699567267953,1.0,53.158,61.980000000000004,bandwidth,1.1659580872117086,1.1860189573459716,0.5662949194547707,0.99,0.0,0.006666666666666667,0.0033333333333333335,0.8444136708299776,0.8587203986011547,c7i,1.0,26.350663199677026
c7i,m5a,q2,2,120690.45,1361572.0,23865.0,1385437.0,0.017225599413326326,100.0,1391.7885,2480.223,mixed,1.7820401591190038,1.1860189573459716,0.5662949194547707,0.0,0.0,0.0,1.0,1.2202051450971687,1.2928208333917834,c7i,1.0,27.4527666070712
c7i,m5a,q20,20,164116.85,57909.5,74290.5,132200.0,0.5619511198856287,193.0,746.219,1043.5055,io,1.3983904188984735,1.1860189573459716,0.5662949194547707,0.0,0.0,1.0,0.0,0.8431568431568431,0.9204985209024226,c7i,1.0,34.17442593553318
c7i,m5a,q21,21,72643.41,772253.5,315335.5,1087589.0,0.2899396831526586,100.0,2077.2865,2269.7135,mixed,1.0926338278326073,1.1860189573459716,0.5662949194547707,0.0,0.0,0.0,1.0,1.2202051450971687,0.7683961751476449,c7i,1.0,29.67486859967839
c7i,m5a,q22,22,13103.26,64494.0,0.0,64494.0,0.0,7.0,122.9015,131.582,io,1.0706297319398055,1.1860189573459716,0.5662949194547707,0.0033333333333333335,0.0,0.9966666666666667,0.0,0.8431568431568431,0.85450797362593,c7i,1.0,20.186414767531097
c7i,m5a,q3,3,195291.56,493920.0,124546.0,618466.0,0.20137856991561393,10.0,855.2255,729.5985000000001,mixed,0.8531065783234949,1.1860189573459716,0.5662949194547707,0.0,0.0,0.0033333333333333335,0.9966666666666667,1.2189483174240343,0.7144725225527655,c7i,1.0,16.250496631167678
c7i,m5a,q4,4,61263.21,169891.0,77503.0,247394.0,0.31327633945714345,5.0,337.77099999999996,315.9345,io,0.9353511698754483,1.1860189573459716,0.5662949194547707,0.0,0.0,0.9933333333333333,0.006666666666666667,0.8456704985031119,0.7590986236250628,c7i,1.0,18.84346242640135
c7i,m5a,q5,5,83490.24,322170.5,258754.5,580925.0,0.44541731649125704,5.0,1009.4685,698.4615,mixed,0.6919101487564991,1.1860189573459716,0.5662949194547707,0.0,0.0,0.0,1.0,1.2202051450971687,0.7340822377447331,c7i,1.0,6.095023907948982
c7i,m5a,q6,6,168633.05,0.0,105469.0,105469.0,0.9999905186308903,1.0,747.0885000000001,761.749,bandwidth,1.0196235118061647,1.1860189573459716,0.5662949194547707,0.9933333333333333,0.0033333333333333335,0.0033333333333333335,0.0,0.8462325347883334,0.7136089436248376,c7i,1.0,30.01250605130239
c7i,m5a,q7,7,70658.3,1181931.0,500061.0,1681992.0,0.2973026641609091,4.0,2735.3864999999996,3633.729,mixed,1.328415198364107,1.1860189573459716,0.5662949194547707,0.0,0.0,0.0,1.0,1.2202051450971687,0.8624668874385004,c7i,1.0,35.07550286231325
c7i,m5a,q8,8,90831.9,266506.0,171403.0,437909.0,0.39141147724418257,2.0,736.44,520.2660000000001,mixed,0.706460811471403,1.1860189573459716,0.5662949194547707,0.0,0.0,0.0,1.0,1.2202051450971687,0.7167576416630357,c7i,1.0,1.4575231951205605
c7i,m5a,q9,9,85841.45,1162312.0,321486.0,1483798.0,0.21666411690532209,175.0,2479.5135,2088.801,mixed,0.8424237254606599,1.1860189573459716,0.5662949194547707,0.0,0.0,0.0,1.0,1.2202051450971687,0.7416503276088104,c7i,1.0,11.962317157763318
c7i,r5n,q1,1,231253.32,926.0,111688.0,112614.0,0.9917684145096124,4.0,4861.035,7103.264,compute,1.4612657592467448,1.1125592417061612,0.8736059479553903,0.006666666666666667,0.9933333333333333,0.0,0.0,1.1430418356634113,0.6686643783599362,c7i,1.0,54.240741348471744
c7i,r5n,q10,10,160189.8,156505.0,102639.0,259144.0,0.3960678384688109,20.0,844.875,1038.925,mixed,1.2296789465897322,1.1125592417061612,0.8736059479553903,0.0,0.0,0.0,1.0,1.014333189476495,0.7185525669114982,c7i,1.0,41.565839693014226
c7i,r5n,q11,11,10203.71,62785.0,0.0,62785.0,0.0,1217.0,102.75450000000001,102.45349999999999,mixed,0.9970706879017462,1.1125592417061612,0.8736059479553903,0.0,0.0,0.006666666666666667,0.9933333333333333,1.013563158486659,1.078364307222027,c7i,1.0,8.15324533221978
c7i,r5n,q12,12,210511.91,1733.0,137137.0,138870.0,0.9875135917506175,2.0,1038.817,1559.5430000000001,compute,1.501268269579724,1.1125592417061612,0.8736059479553903,0.0,1.0,0.0,0.0,1.1446808510638298,0.6986817138991974,c7i,1.0,53.46056876997797
c7i,r5n,q13,13,142161.33,6290.0,23463.0,29753.0,0.7885662431941923,42.0,1499.6860000000001,1625.7675,bandwidth,1.0840719323911805,1.1125592417061612,0.8736059479553903,0.9933333333333333,0.006666666666666667,0.0,0.0,0.9004675564014832,0.747436969767614,c7i,1.0,31.05282523836194
c7i,r5n,q14,14,118586.59,59.0,45765.0,45824.0,0.9986906710310965,1.0,340.724,422.8055,bandwidth,1.2409031943743323,1.1125592417061612,0.8736059479553903,1.0,0.0,0.0,0.0,0.8988285410010649,0.7098871477161157,c7i,1.0,42.792705270289574
c7i,r5n,q16,16,40977.39,2577.0,19863.0,22440.0,0.8851209839133728,18141.0,396.59749999999997,560.7415000000001,compute,1.4138805716122773,1.1125592417061612,0.8736059479553903,0.01,0.99,0.0,0.0,1.1422223279632022,0.748219053225205,c7i,1.0,47.08046292962387
c7i,r5n,q17,17,731369.7,232628.0,1904.0,234532.0,0.008118260543292415,1.0,278.3045,362.418,io,1.3022355010429223,1.1125592417061612,0.8736059479553903,0.0,0.0,0.9933333333333333,0.006666666666666667,0.899598571990901,0.9139889895017352,c7i,1.0,29.81384789696271
c7i,r5n,q18,18,322525.59,245407.0,151789.0,397196.0,0.382150419061574,9.0,5414.1975,7234.161,mixed,1.3361464926242532,1.1125592417061612,0.8736059479553903,0.0,0.0,0.0033333333333333335,0.9966666666666667,1.0139481739815772,0.698191815693067,c7i,1.0,47.74586323077598
c7i,r5n,q19,19,32575.98,17350.0,3216.0,20566.0,0.15636699567267953,1.0,53.158,73.7775,bandwidth,1.38789081605779,1.1125592417061612,0.8736059479553903,0.99,0.0,0.006666666666666667,0.0033333333333333335,0.899213556495983,0.7720069124652797,c7i,1.0,44.37552986638293
c7i,r5n,q2,2,120690.45,1361572.0,23865.0,1385437.0,0.017225599413326326,100.0,1391.7885,1687.966,mixed,1.2128035258230685,1.1125592417061612,0.8736059479553903,0.0,0.0,0.0,1.0,1.014333189476495,1.0688190858375306,c7i,1.0,11.872033426669248
c7i,r5n,q20,20,164116.85,57909.5,74290.5,132200.0,0.5619511198856287,193.0,746.219,885.5885000000001,io,1.186767557513277,1.1125592417061612,0.8736059479553903,0.0,0.0,1.0,0.0,0.8988285410010649,0.8320182589104296,c7i,1.0,29.892062380453023
c7i,r5n,q21,21,72643.41,772253.5,315335.5,1087589.0,0.2899396831526586,100.0,2077.2865,2575.3975,mixed,1.2397892635416443,1.1125592417061612,0.8736059479553903,0.0,0.0,0.0,1.0,1.014333189476495,0.7484531625429477,c7i,1.0,39.63061428642487
c7i,r5n,q22,22,13103.26,64494.0,0.0,64494.0,0.0,7.0,122.9015,177.9305,io,1.4477488069714364,1.1125592417061612,0.8736059479553903,0.0033333333333333335,0.0,0.9966666666666667,0.0,0.8988285410010649,0.7870211839937233,c7i,1.0,45.6382778418514
c7i,r5n,q3,3,195291.56,493920.0,124546.0,618466.0,0.20137856991561393,10.0,855.2255,1067.1325,mixed,1.2477790945195155,1.1125592417061612,0.8736059479553903,0.0,0.0,0.0033333333333333335,0.9966666666666667,1.0139481739815772,0.6991350355971824,c7i,1.0,43.96964665717536
c7i,r5n,q4,4,61263.21,169891.0,77503.0,247394.0,0.31327633945714345,5.0,337.77099999999996,439.73,io,1.301858359657875,1.1125592417061612,0.8736059479553903,0.0,0.0,0.9933333333333333,0.006666666666666667,0.899598571990901,0.7384092515858871,c7i,1.0,43.2803694727636
c7i,r5n,q5,5,83490.24,322170.5,258754.5,580925.0,0.44541731649125704,5.0,1009.4685,1107.366,mixed,1.0969792519528843,1.1125592417061612,0.8736059479553903,0.0,0.0,0.0,1.0,1.014333189476495,0.7171970413921334,c7i,1.0,34.62072868603924
c7i,r5n,q6,6,168633.05,0.0,105469.0,105469.0,0.9999905186308903,1.0,747.0885000000001,1067.0695,bandwidth,1.4283040094982054,1.1125592417061612,0.8736059479553903,0.9933333333333333,0.0033333333333333335,0.0033333333333333335,0.0,0.899648048701274,0.6945617618490304,c7i,1.0,51.37157375249228
c7i,r5n,q7,7,70658.3,1181931.0,500061.0,1681992.0,0.2973026641609091,4.0,2735.3864999999996,3602.5985,mixed,1.317034539725922,1.1125592417061612,0.8736059479553903,0.0,0.0,0.0,1.0,1.014333189476495,0.7894814804214232,c7i,1.0,40.056129387030644
c7i,r5n,q8,8,90831.9,266506.0,171403.0,437909.0,0.39141147724418257,2.0,736.44,821.899,mixed,1.1160433979686057,1.1125592417061612,0.8736059479553903,0.0,0.0,0.0,1.0,1.014333189476495,0.7003868344395613,c7i,1.0,37.243763484969506
c7i,r5n,q9,9,85841.45,1162312.0,321486.0,1483798.0,0.21666411690532209,175.0,2479.5135,3018.959,mixed,1.2175610255802196,1.1125592417061612,0.8736059479553903,0.0,0.0,0.0,1.0,1.014333189476495,0.7217073150041132,c7i,1.0,40.72516285906992
c7i,z1d,q1,1,231253.32,926.0,111688.0,112614.0,0.9917684145096124,4.0,4861.035,5716.394,compute,1.1759623207814798,1.1575829383886256,1.0929368029739777,0.006666666666666667,0.9933333333333333,0.0,0.0,0.9146253397298871,0.7338709936294278,c7i,1.0,37.59400444550489
c7i,z1d,q10,10,160189.8,156505.0,102639.0,259144.0,0.3960678384688109,20.0,844.875,900.594,mixed,1.0659494007989347,1.1575829383886256,1.0929368029739777,0.0,0.0,0.0,1.0,0.8890504707417388,0.7434060205348503,c7i,1.0,30.258789021536714
c7i,z1d,q11,11,10203.71,62785.0,0.0,62785.0,0.0,1217.0,102.75450000000001,72.5035,mixed,0.7055992681585721,1.1575829383886256,1.0929368029739777,0.0,0.0,0.006666666666666667,0.9933333333333333,0.8888825941814202,0.8418703824805668,c7i,1.0,19.3128196798767
c7i,z1d,q12,12,210511.91,1733.0,137137.0,138870.0,0.9875135917506175,2.0,1038.817,1242.102,compute,1.1956889423257417,1.1575829383886256,1.0929368029739777,0.0,1.0,0.0,0.0,0.9149659863945578,0.7319665941032968,c7i,1.0,38.782858300960434
c7i,z1d,q13,13,142161.33,6290.0,23463.0,29753.0,0.7885662431941923,42.0,1499.6860000000001,1165.3690000000001,bandwidth,0.7770753344366754,1.1575829383886256,1.0929368029739777,0.9933333333333333,0.006666666666666667,0.0,0.0,0.8642096333586317,0.7288269622050504,c7i,1.0,6.208969721912701
c7i,z1d,q14,14,118586.59,59.0,45765.0,45824.0,0.9986906710310965,1.0,340.724,363.295,bandwidth,1.0662442328688324,1.1575829383886256,1.0929368029739777,1.0,0.0,0.0,0.0,0.8638689866939611,0.7383892645886597,c7i,1.0,30.748580688502052
c7i,z1d,q16,16,40977.39,2577.0,19863.0,22440.0,0.8851209839133728,18141.0,396.59749999999997,440.102,compute,1.1096943374580022,1.1575829383886256,1.0929368029739777,0.01,0.99,0.0,0.0,0.9144550163975519,0.7352279746146356,c7i,1.0,33.74500078113075
c7i,z1d,q17,17,731369.7,232628.0,1904.0,234532.0,0.008118260543292415,1.0,278.3045,293.0045,io,1.0528198430136775,1.1575829383886256,1.0929368029739777,0.0,0.0,0.9933333333333333,0.006666666666666667,0.8640368632542795,0.8931105646682543,c7i,1.0,15.169668334542239
c7i,z1d,q18,18,322525.59,245407.0,151789.0,397196.0,0.382150419061574,9.0,5414.1975,6297.545,mixed,1.163153911544601,1.1575829383886256,1.0929368029739777,0.0,0.0,0.0033333333333333335,0.9966666666666667,0.8889665324615796,0.7459514549912833,c7i,1.0,35.86820732944078
c7i,z1d,q19,19,32575.98,17350.0,3216.0,20566.0,0.15636699567267953,1.0,53.158,59.442499999999995,bandwidth,1.1182230332217162,1.1575829383886256,1.0929368029739777,0.99,0.0,0.006666666666666667,0.0033333333333333335,0.8639529249741204,0.7553349939025901,c7i,1.0,32.4522057351661
c7i,z1d,q2,2,120690.45,1361572.0,23865.0,1385437.0,0.017225599413326326,100.0,1391.7885,1347.4665,mixed,0.9681546441862394,1.1575829383886256,1.0929368029739777,0.0,0.0,0.0,1.0,0.8890504707417388,0.7526344264674943,c7i,1.0,22.260928975855478
c7i,z1d,q20,20,164116.85,57909.5,74290.5,132200.0,0.5619511198856287,193.0,746.219,742.5440000000001,io,0.9950751723019651,1.1575829383886256,1.0929368029739777,0.0,0.0,1.0,0.0,0.8638689866939611,0.840489906362026,c7i,1.0,15.5350339595277
c7i,z1d,q21,21,72643.41,772253.5,315335.5,1087589.0,0.2899396831526586,100.0,2077.2865,2139.5119999999997,mixed,1.0299551843233947,1.1575829383886256,1.0929368029739777,0.0,0.0,0.0,1.0,0.8890504707417388,0.760674313884986,c7i,1.0,26.14491140362642
c7i,z1d,q22,22,13103.26,64494.0,0.0,64494.0,0.0,7.0,122.9015,142.582,io,1.1601323010703692,1.1575829383886256,1.0929368029739777,0.0033333333333333335,0.0,0.9966666666666667,0.0,0.8638689866939611,0.7707930796375632,c7i,1.0,33.55989839034662
c7i,z1d,q3,3,195291.56,493920.0,124546.0,618466.0,0.20137856991561393,10.0,855.2255,913.617,mixed,1.0682761447127103,1.1575829383886256,1.0929368029739777,0.0,0.0,0.0033333333333333335,0.9966666666666667,0.8889665324615796,0.7390926559231155,c7i,1.0,30.81445658211544
c7i,z1d,q4,4,61263.21,169891.0,77503.0,247394.0,0.31327633945714345,5.0,337.77099999999996,398.5265,io,1.1798718658499399,1.1575829383886256,1.0929368029739777,0.0,0.0,0.9933333333333333,0.006666666666666667,0.8640368632542795,0.7717646634012063,c7i,1.0,34.58911211131786
c7i,z1d,q5,5,83490.24,322170.5,258754.5,580925.0,0.44541731649125704,5.0,1009.4685,1021.2819999999999,mixed,1.011702693050848,1.1575829383886256,1.0929368029739777,0.0,0.0,0.0,1.0,0.8890504707417388,0.759130395081609,c7i,1.0,24.965071231311306
c7i,z1d,q6,6,168633.05,0.0,105469.0,105469.0,0.9999905186308903,1.0,747.0885000000001,887.3354999999999,bandwidth,1.187724747469677,1.1575829383886256,1.0929368029739777,0.9933333333333333,0.0033333333333333335,0.0033333333333333335,0.0,0.8640393100262963,0.7321963640284591,c7i,1.0,38.353026188237074
c7i,z1d,q7,7,70658.3,1181931.0,500061.0,1681992.0,0.2973026641609091,4.0,2735.3864999999996,3083.709,mixed,1.1273394088915771,1.1575829383886256,1.0929368029739777,0.0,0.0,0.0,1.0,0.8890504707417388,0.7783446662296373,c7i,1.0,30.95737981918671
c7i,z1d,q8,8,90831.9,266506.0,171403.0,437909.0,0.39141147724418257,2.0,736.44,725.1700000000001,mixed,0.9846966487425995,1.1575829383886256,1.0929368029739777,0.0,0.0,0.0,1.0,0.8890504707417388,0.7423201881290369,c7i,1.0,24.614327765110538
c7i,z1d,q9,9,85841.45,1162312.0,321486.0,1483798.0,0.21666411690532209,175.0,2479.5135,2514.5299999999997,mixed,1.0141223268193538,1.1575829383886256,1.0929368029739777,0.0,0.0,0.0,1.0,0.8890504707417388,0.7493404454289323,c7i,1.0,26.10946178661415
m5a,c7i,q1,1,231253.32,926.0,111688.0,112614.0,0.9917684145096124,4.0,4400.6265,4861.035,compute,1.1046233985092804,0.8431568431568431,1.7658643326039387,0.006666666666666667,0.9933333333333333,0.0,0.0,0.5704264130407121,1.4715300722936224,c7i,0.8082587527881575,33.21554425512738
m5a,c7i,q10,10,160189.8,154505.0,104639.0,259144.0,0.4037855254780142,20.0,780.1095,844.875,mixed,1.0830210374312836,0.8431568431568431,1.7658643326039387,0.0,0.0,0.0,1.0,0.8195343250420132,1.3681322585630087,c7i,0.8082587527881575,26.325547822039887
m5a,c7i,q11,11,10203.71,62785.0,0.0,62785.0,0.0,1217.0,133.003,102.75450000000001,mixed,0.7725727991097947,0.8431568431568431,1.7658643326039387,0.0,0.0,0.006666666666666667,0.9933333333333333,0.8219775559240395,0.874809410688178,c7i,0.8082587527881575,13.233265744818675
m5a,c7i,q12,12,210511.91,1747.0,137123.0,138870.0,0.987412778765905,2.0,1108.8780000000002,1038.817,compute,0.9368181170516503,0.8431568431568431,1.7658643326039387,0.0,1.0,0.0,0.0,0.5662949194547707,1.4138552719444772,c7i,0.8082587527881575,50.92100016107247
m5a,c7i,q13,13,142161.33,6267.0,23486.0,29753.0,0.7893392485044027,42.0,1283.8784999999998,1499.6860000000001,bandwidth,1.1680902826864072,0.8431568431568431,1.7658643326039387,0.9933333333333333,0.006666666666666667,0.0,0.0,1.1818874637600303,1.2634992198081976,c7i,0.8082587527881575,8.167942027765708
m5a,c7i,q14,14,118586.59,59.0,45765.0,45824.0,0.9986906710310965,1.0,301.421,340.724,bandwidth,1.1303923747847695,0.8431568431568431,1.7658643326039387,1.0,0.0,0.0,0.0,1.1860189573459716,1.3150716165598677,c7i,0.8082587527881575,16.33762274893811
m5a,c7i,q16,16,40977.39,2576.0,19864.0,22440.0,0.8851655452074328,18141.0,434.2285,396.59749999999997,compute,0.9133382539377308,0.8431568431568431,1.7658643326039387,0.01,0.99,0.0,0.0,0.5724921598336827,1.2713203356934042,c7i,0.8082587527881575,39.19490727693529
m5a,c7i,q17,17,731369.7,232628.0,1904.0,234532.0,0.008118260543292415,1.0,540.1505,278.3045,io,0.515235105771447,0.8431568431568431,1.7658643326039387,0.0,0.0,0.9933333333333333,0.006666666666666667,1.1835757264639453,1.0799798744192777,c7i,0.8082587527881575,109.60914004534963
m5a,c7i,q18,18,322525.59,152235.5,244960.5,397196.0,0.6167229359738367,9.0,4948.0075,5414.1975,mixed,1.094217722992538,0.8431568431568431,1.7658643326039387,0.0,0.0,0.01,0.99,0.8231991713650527,1.4557440813005857,c7i,0.8082587527881575,33.039709621895156
m5a,c7i,q19,19,32575.98,17350.0,3216.0,20566.0,0.15636699567267953,1.0,61.980000000000004,53.158,bandwidth,0.8576637625040335,0.8431568431568431,1.7658643326039387,0.99,0.0,0.006666666666666667,0.0033333333333333335,1.1847973419049584,1.2162457939614773,c7i,0.8082587527881575,41.80916195066098
m5a,c7i,q2,2,120690.45,1361570.5,23866.5,1385437.0,0.017226682103421445,100.0,2480.223,1391.7885,mixed,0.5611545816646326,0.8431568431568431,1.7658643326039387,0.0,0.0,0.0,1.0,0.8195343250420132,0.6452805809965614,c7i,0.8082587527881575,14.991590923551556
m5a,c7i,q20,20,164116.85,57906.0,74294.0,132200.0,0.5619775947231866,193.0,1043.5055,746.219,io,0.7151078743715295,0.8431568431568431,1.7658643326039387,0.0,0.0,1.0,0.0,1.1860189573459716,1.0810975730563863,c7i,0.8082587527881575,51.179648805644305
m5a,c7i,q21,21,72643.41,771775.5,315813.5,1087589.0,0.2903791870098107,100.0,2269.7135,2077.2865,mixed,0.9152196962303834,0.8431568431568431,1.7658643326039387,0.0,0.0,0.0,1.0,0.8195343250420132,1.3256030349538384,c7i,0.8082587527881575,44.839871826813415
m5a,c7i,q22,22,13103.26,64494.0,0.0,64494.0,0.0,7.0,131.582,122.9015,io,0.9340297305102522,0.8431568431568431,1.7658643326039387,0.0033333333333333335,0.0,0.9966666666666667,0.0,1.1860189573459716,1.2436579257291758,c7i,0.8082587527881575,33.14971516482419
m5a,c7i,q3,3,195291.56,493920.0,124546.0,618466.0,0.20137856991561393,10.0,729.5985000000001,855.2255,mixed,1.172186483387781,0.8431568431568431,1.7658643326039387,0.0,0.0,0.0033333333333333335,0.9966666666666667,0.8207559404830264,1.4126577877563942,c7i,0.8082587527881575,20.514765165489518
m5a,c7i,q4,4,61263.21,169891.0,77503.0,247394.0,0.31327633945714345,5.0,315.9345,337.77099999999996,io,1.0691171746042294,0.8431568431568431,1.7658643326039387,0.0,0.0,0.9933333333333333,0.006666666666666667,1.1835757264639453,1.3359364066787474,c7i,0.8082587527881575,24.956968086616914
m5a,c7i,q5,5,83490.24,322143.5,258781.5,580925.0,0.4454637940116297,5.0,698.4615,1009.4685,mixed,1.4452743637265617,0.8431568431568431,1.7658643326039387,0.0,0.0,0.0,1.0,0.8195343250420132,1.4480258112887776,c7i,0.8082587527881575,0.19037544920685123
m5a,c7i,q6,6,168633.05,0.0,105469.0,105469.0,0.9999905186308903,1.0,761.749,747.0885000000001,bandwidth,0.9807541591784171,0.8431568431568431,1.7658643326039387,0.9933333333333333,0.0033333333333333335,0.0033333333333333335,0.0,1.1839532105530008,1.4209988567663658,c7i,0.8082587527881575,44.888384460866725
m5a,c7i,q7,7,70658.3,1181928.0,500064.0,1681992.0,0.2973044477592951,4.0,3633.729,2735.3864999999996,mixed,0.75277669303352,0.8431568431568431,1.7658643326039387,0.0,0.0,0.0,1.0,0.8195343250420132,1.0498574071790536,c7i,0.8082587527881575,39.46465358117896
m5a,c7i,q8,8,90831.9,266512.0,171397.0,437909.0,0.39139777579868007,2.0,520.2660000000001,736.44,mixed,1.4155066831197887,0.8431568431568431,1.7658643326039387,0.0,0.0,0.0,1.0,0.8195343250420132,1.40025100450584,c7i,0.8082587527881575,1.0777539093157062
m5a,c7i,q9,9,85841.45,1162311.0,321487.0,1483798.0,0.21666479085105192,175.0,2088.801,2479.5135,mixed,1.1870510881601455,0.8431568431568431,1.7658643326039387,0.0,0.0,0.0,1.0,0.8195343250420132,1.3933066218428332,c7i,0.8082587527881575,17.375455508184636
r5n,c7i,q1,1,231253.32,926.0,111688.0,112614.0,0.9917684145096124,4.0,7103.264,4861.035,compute,0.684338214094253,0.8988285410010649,1.14468085106383,0.006666666666666667,0.9933333333333333,0.0,0.0,0.8751989699137286,1.4729027405999682,c7i,0.8082587527881575,115.23023415394238
r5n,c7i,q10,10,160189.8,156191.0,102952.0,259143.0,0.3972771895162535,20.0,1038.925,844.875,mixed,0.8132203960824892,0.8988285410010649,1.14468085106383,0.0,0.0,0.0,1.0,0.9858693478383639,1.3749375888263062,c7i,0.8082587527881575,69.07318058545584
r5n,c7i,q11,11,10203.71,62785.0,0.0,62785.0,0.0,1217.0,102.45349999999999,102.75450000000001,mixed,1.0029379181775149,0.8988285410010649,1.14468085106383,0.0,0.0,0.006666666666666667,0.9933333333333333,0.9867139471308158,0.9949535945573874,c7i,0.8082587527881575,0.7960935044350652
r5n,c7i,q12,12,210511.91,1684.0,137186.0,138870.0,0.987866437197111,2.0,1559.5430000000001,1038.817,compute,0.6661034674901557,0.8988285410010649,1.14468085106383,0.0,1.0,0.0,0.0,0.8736059479553901,1.4606420210016973,c7i,0.8082587527881575,119.2815519344649
r5n,c7i,q13,13,142161.33,6292.0,23461.0,29753.0,0.7884990253411306,42.0,1625.7675,1499.6860000000001,bandwidth,0.9224480130153914,0.8988285410010649,1.14468085106383,0.9933333333333333,0.006666666666666667,0.0,0.0,1.1109662197478227,1.3537893358208006,c7i,0.8082587527881575,46.76050213338279
r5n,c7i,q14,14,118586.59,59.0,45765.0,45824.0,0.9986906710310965,1.0,422.8055,340.724,bandwidth,0.8058646351573004,0.8988285410010649,1.14468085106383,1.0,0.0,0.0,0.0,1.1125592417061612,1.3901248235253805,c7i,0.8082587527881575,72.50103340916996
r5n,c7i,q16,16,40977.39,2577.0,19863.0,22440.0,0.8851209839133728,18141.0,560.7415000000001,396.59749999999997,compute,0.7072733157791957,0.8988285410010649,1.14468085106383,0.01,0.99,0.0,0.0,0.8759954808928978,1.3824050299214046,c7i,0.8082587527881575,95.45556139049629
r5n,c7i,q17,17,731369.7,232628.0,1904.0,234532.0,0.008118260543292415,1.0,362.418,278.3045,io,0.7679102583205029,0.8988285410010649,1.14468085106383,0.0,0.0,0.9933333333333333,0.006666666666666667,1.1117146424137092,1.1632398676999716,c7i,0.8082587527881575,51.481225194737526
r5n,c7i,q18,18,322525.59,245400.0,151796.0,397196.0,0.3821680425582268,9.0,7234.161,5414.1975,mixed,0.7484209295314274,0.8988285410010649,1.14468085106383,0.0,0.0,0.0033333333333333335,0.9966666666666667,0.98629164748459,1.4032720178571307,c7i,0.8082587527881575,87.49769848575636
r5n,c7i,q19,19,32575.98,17350.0,3216.0,20566.0,0.15636699567267953,1.0,73.7775,53.158,bandwidth,0.720517773033784,0.8988285410010649,1.14468085106383,0.99,0.0,0.006666666666666667,0.0033333333333333335,1.1121369420599352,1.3060357677664916,c7i,0.8082587527881575,81.26350475260983
r5n,c7i,q2,2,120690.45,1361559.0,23878.0,1385437.0,0.017234982727484017,100.0,1687.966,1391.7885,mixed,0.8245358615043196,0.8988285410010649,1.14468085106383,0.0,0.0,0.0,1.0,0.9858693478383639,1.1626269080048481,c7i,0.8082587527881575,41.003801324505204
r5n,c7i,q20,20,164116.85,57909.0,74291.0,132200.0,0.5619549020052799,193.0,885.5885000000001,746.219,io,0.8426249889197974,0.8988285410010649,1.14468085106383,0.0,0.0,1.0,0.0,1.1125592417061612,1.2214389735823945,c7i,0.8082587527881575,44.95641473299023
r5n,c7i,q21,21,72643.41,772134.0,315455.0,1087589.0,0.29004955911694663,100.0,2575.3975,2077.2865,mixed,0.8065886916485708,0.8988285410010649,1.14468085106383,0.0,0.0,0.0,1.0,0.9858693478383639,1.3735726513604383,c7i,0.8082587527881575,70.29406258511014
r5n,c7i,q22,22,13103.26,64494.0,0.0,64494.0,0.0,7.0,177.9305,122.9015,io,0.6907275593560407,0.8988285410010649,1.14468085106383,0.0033333333333333335,0.0,0.9966666666666667,0.0,1.1125592417061612,1.3269179190098697,c7i,0.8082587527881575,92.104383419556
r5n,c7i,q3,3,195291.56,493920.0,124546.0,618466.0,0.20137856991561393,10.0,1067.1325,855.2255,mixed,0.8014239094020659,0.8988285410010649,1.14468085106383,0.0,0.0,0.0033333333333333335,0.9966666666666667,0.98629164748459,1.4185406706593642,c7i,0.8082587527881575,77.00253935744477
r5n,c7i,q4,4,61263.21,169891.0,77503.0,247394.0,0.31327633945714345,5.0,439.73,337.77099999999996,io,0.768132717804107,0.8988285410010649,1.14468085106383,0.0,0.0,0.9933333333333333,0.006666666666666667,1.1117146424137092,1.3460917224841877,c7i,0.8082587527881575,75.2420761782308
r5n,c7i,q5,5,83490.24,322186.0,258739.0,580925.0,0.4453906349517839,5.0,1107.366,1009.4685,mixed,0.9115942696452664,0.8988285410010649,1.14468085106383,0.0,0.0,0.0,1.0,0.9858693478383639,1.4029090168156575,c7i,0.8082587527881575,53.8962083824396
r5n,c7i,q6,6,168633.05,0.0,105469.0,105469.0,0.9999905186308903,1.0,1067.0695,747.0885000000001,bandwidth,0.7001310598794175,0.8988285410010649,1.14468085106383,0.9933333333333333,0.0033333333333333335,0.0033333333333333335,0.0,1.111762730726992,1.4333622139388487,c7i,0.8082587527881575,104.72769972320816
r5n,c7i,q7,7,70658.3,1181933.0,500059.0,1681992.0,0.29730147509531846,4.0,3602.5985,2735.3864999999996,mixed,0.7592815297069601,0.8988285410010649,1.14468085106383,0.0,0.0,0.0,1.0,0.9858693478383639,1.2381224892939027,c7i,0.8082587527881575,63.06500828115077
r5n,c7i,q8,8,90831.9,266514.5,171394.5,437909.0,0.39139206686305406,2.0,821.899,736.44,mixed,0.8960225039816329,0.8988285410010649,1.14468085106383,0.0,0.0,0.0,1.0,0.9858693478383639,1.408030867807213,c7i,0.8082587527881575,57.142355415224664
r5n,c7i,q9,9,85841.45,1162328.5,321469.5,1483798.0,0.21665299680077962,175.0,3018.959,2479.5135,mixed,0.8213140688561853,0.8988285410010649,1.14468085106383,0.0,0.0,0.0,1.0,0.9858693478383639,1.3963357596855779,c7i,0.8082587527881575,70.01239996171071
z1d,c7i,q1,1,231253.32,926.0,111688.0,112614.0,0.9917684145096124,4.0,5716.394,4861.035,compute,0.8503673819544278,0.8638689866939611,0.9149659863945578,0.006666666666666667,0.9933333333333333,0.0,0.0,1.0933677772100752,1.370464947665086,c7i,0.8082587527881575,61.16151404059038
z1d,c7i,q10,10,160189.8,156403.5,102740.5,259144.0,0.396459511084528,20.0,900.594,844.875,mixed,0.9381308336497911,0.8638689866939611,0.9149659863945578,0.0,0.0,0.0,1.0,1.124795535135025,1.3499073115093854,c7i,0.8082587527881575,43.89328898375303
z1d,c7i,q11,11,10203.71,62785.0,0.0,62785.0,0.0,1217.0,72.5035,102.75450000000001,mixed,1.417235030033033,0.8638689866939611,0.9149659863945578,0.0,0.0,0.006666666666666667,0.9933333333333333,1.1250141178233821,1.2913387435661534,c7i,0.8082587527881575,8.883232759491216
z1d,c7i,q12,12,210511.91,1726.0,137144.0,138870.0,0.9875639982429737,2.0,1242.102,1038.817,compute,0.8363379174979187,0.8638689866939611,0.9149659863945578,0.0,1.0,0.0,0.0,1.0929368029739777,1.4000235676754789,c7i,0.8082587527881575,67.3992698865005
z1d,c7i,q13,13,142161.33,6247.0,23506.0,29753.0,0.7900114270350205,42.0,1165.3690000000001,1499.6860000000001,bandwidth,1.2868765172233,0.8638689866939611,0.9149659863945578,0.9933333333333333,0.006666666666666667,0.0,0.0,1.1571519641525279,1.3755586037448106,c7i,0.8082587527881575,6.8912662042245
z1d,c7i,q14,14,118586.59,59.0,45765.0,45824.0,0.9986906710310965,1.0,363.295,340.724,bandwidth,0.9378714268019103,0.8638689866939611,0.9149659863945578,1.0,0.0,0.0,0.0,1.1575829383886256,1.3556254691944312,c7i,0.8082587527881575,44.54278384586671
z1d,c7i,q16,16,40977.39,2577.0,19863.0,22440.0,0.8851209839133728,18141.0,440.102,396.59749999999997,compute,0.9011490518107166,0.8638689866939611,0.9149659863945578,0.01,0.99,0.0,0.0,1.0935832643281242,1.3783839604411874,c7i,0.8082587527881575,52.95848757445205
z1d,c7i,q17,17,731369.7,232628.0,1904.0,234532.0,0.008118260543292415,1.0,293.0045,278.3045,io,0.9498301220629718,0.8638689866939611,0.9149659863945578,0.0,0.0,0.9933333333333333,0.006666666666666667,1.1573643557002682,1.230452717790612,c7i,0.8082587527881575,29.544503718006474
z1d,c7i,q18,18,322525.59,243369.5,153826.5,397196.0,0.38728011540872664,9.0,6297.545,5414.1975,mixed,0.8597314509066628,0.8638689866939611,0.9149659863945578,0.0,0.0,0.0033333333333333335,0.9966666666666667,1.1249048264792036,1.3416625503084694,c7i,0.8082587527881575,56.05600433642013
z1d,c7i,q19,19,32575.98,17350.0,3216.0,20566.0,0.15636699567267953,1.0,59.442499999999995,53.158,bandwidth,0.8942759809900325,0.8638689866939611,0.9149659863945578,0.99,0.0,0.006666666666666667,0.0033333333333333335,1.1574736470444469,1.3570115737809048,c7i,0.8082587527881575,51.74415981502582
z1d,c7i,q2,2,120690.45,1361565.0,23872.0,1385437.0,0.017230651967103543,100.0,1347.4665,1391.7885,mixed,1.0328928400075252,0.8638689866939611,0.9149659863945578,0.0,0.0,0.0,1.0,1.124795535135025,1.2909916171785307,c7i,0.8082587527881575,24.987952977689833
z1d,c7i,q20,20,164116.85,57909.0,74291.0,132200.0,0.5619549020052799,193.0,742.5440000000001,746.219,io,1.0049492016634705,0.8638689866939611,0.9149659863945578,0.0,0.0,1.0,0.0,1.1575829383886256,1.1972930200861485,c7i,0.8082587527881575,19.13965582581642
z1d,c7i,q21,21,72643.41,772092.0,315497.0,1087589.0,0.2900881766106713,100.0,2139.5119999999997,2077.2865,mixed,0.9709160313192917,0.8638689866939611,0.9149659863945578,0.0,0.0,0.0,1.0,1.124795535135025,1.3541088847737668,c7i,0.8082587527881575,39.467146601111146
z1d,c7i,q22,22,13103.26,64494.0,0.0,64494.0,0.0,7.0,142.582,122.9015,io,0.8619706554824592,0.8638689866939611,0.9149659863945578,0.0033333333333333335,0.0,0.9966666666666667,0.0,1.1575829383886256,1.3679690910331308,c7i,0.8082587527881575,58.70251293734077
z1d,c7i,q3,3,195291.56,493920.0,124546.0,618466.0,0.20137856991561393,10.0,913.617,855.2255,mixed,0.9360875509102831,0.8638689866939611,0.9149659863945578,0.0,0.0,0.0033333333333333335,0.9966666666666667,1.1249048264792036,1.3715983324002134,c7i,0.8082587527881575,46.52457786308824
z1d,c7i,q4,4,61263.21,169891.0,77503.0,247394.0,0.31327633945714345,5.0,398.5265,337.77099999999996,io,0.8475496610639442,0.8638689866939611,0.9149659863945578,0.0,0.0,0.9933333333333333,0.006666666666666667,1.1573643557002682,1.3302623729445946,c7i,0.8082587527881575,56.953914803610736
z1d,c7i,q5,5,83490.24,322193.5,258731.5,580925.0,0.4453777245294581,5.0,1021.2819999999999,1009.4685,mixed,0.9884326757937573,0.8638689866939611,0.9149659863945578,0.0,0.0,0.0,1.0,1.124795535135025,1.3434769540387785,c7i,0.8082587527881575,35.919925245278264
z1d,c7i,q6,6,168633.05,0.0,105469.0,105469.0,0.9999905186308903,1.0,887.3354999999999,747.0885000000001,bandwidth,0.8419459156091469,0.8638689866939611,0.9149659863945578,0.9933333333333333,0.0033333333333333335,0.0033333333333333335,0.0,1.1573674512705765,1.38286723768221,c7i,0.8082587527881575,64.24656406601927
z1d,c7i,q7,7,70658.3,1181936.5,500055.5,1681992.0,0.29729939423053486,4.0,3083.709,2735.3864999999996,mixed,0.8870443028184565,0.8638689866939611,0.9149659863945578,0.0,0.0,0.0,1.0,1.124795535135025,1.2926127596231798,c7i,0.8082587527881575,45.7213304359306
z1d,c7i,q8,8,90831.9,266508.5,171400.5,437909.0,0.39140576830855656,2.0,725.1700000000001,736.44,mixed,1.0155411834466401,0.8638689866939611,0.9149659863945578,0.0,0.0,0.0,1.0,1.124795535135025,1.354912218846217,c7i,0.8082587527881575,33.41775212382695
z1d,c7i,q9,9,85841.45,1162313.5,321484.5,1483798.0,0.2166631059867273,175.0,2514.5299999999997,2479.5135,mixed,0.9860743359594041,0.8638689866939611,0.9149659863945578,0.0,0.0,0.0,1.0,1.124795535135025,1.3762889590005922,c7i,0.8082587527881575,39.572536147746675
c5a,m5a,q1,1,231253.32,926.0,111688.0,112614.0,0.9917684145096124,4.0,3043.2095,4400.6265,compute,1.4460478320667705,0.6718120805369128,0.7706576728499157,0.006666666666666667,0.9933333333333333,0.0,0.0,1.298865787749814,1.4592837604434135,m5a,0.5818386557858612,0.915317466208949
c5a,m5a,q10,10,160189.8,154977.0,104167.0,259144.0,0.4019641513438422,20.0,530.1745,780.1095,mixed,1.4714202588015834,0.6718120805369128,0.7706576728499157,0.0,0.0,0.0,1.0,1.3897777105188265,1.4524692632457898,m5a,0.5818386557858612,1.2879390128302624
c5a,m5a,q11,11,10203.71,62785.0,0.0,62785.0,0.0,1217.0,85.429,133.003,mixed,1.5568834938955154,0.6718120805369128,0.7706576728499157,0.0,0.0,0.006666666666666667,0.9933333333333333,1.3904359357054443,1.1254815115407184,m5a,0.5818386557858612,27.709329827588817
c5a,m5a,q12,12,210511.91,1780.0,137090.0,138870.0,0.9871751481590829,2.0,717.643,1108.8780000000002,compute,1.5451666079095039,0.6718120805369128,0.7706576728499157,0.0,1.0,0.0,0.0,1.2975929978118161,1.4592837604434135,m5a,0.5818386557858612,5.558160979305886
c5a,m5a,q13,13,142161.33,6288.0,23465.0,29753.0,0.7886334610472542,42.0,833.7245,1283.8784999999998,bandwidth,1.5399313562213894,0.6718120805369128,0.7706576728499157,0.9933333333333333,0.006666666666666667,0.0,0.0,1.4872386985734907,1.3748920851298099,m5a,0.5818386557858612,10.717313497436995
c5a,m5a,q14,14,118586.59,59.0,45765.0,45824.0,0.9986906710310965,1.0,210.6895,301.421,bandwidth,1.4306408245308855,0.6718120805369128,0.7706576728499157,1.0,0.0,0.0,0.0,1.4885114885114885,1.3842259011636513,m5a,0.5818386557858612,3.24434495167254
c5a,m5a,q16,16,40977.39,2576.0,19864.0,22440.0,0.8851655452074328,18141.0,306.8055,434.2285,compute,1.4153217592253073,0.6718120805369128,0.7706576728499157,0.01,0.99,0.0,0.0,1.2995021827188127,1.3428692413843988,m5a,0.5818386557858612,5.11915522874221
c5a,m5a,q17,17,731369.7,232628.0,1904.0,234532.0,0.008118260543292415,1.0,335.7165,540.1505,io,1.6089483239578632,0.6718120805369128,0.7706576728499157,0.0,0.0,0.9933333333333333,0.006666666666666667,1.4878532633248707,1.1714984226653424,m5a,0.5818386557858612,27.188561296762764
c5a,m5a,q18,18,322525.59,103902.5,293293.5,397196.0,0.7384081450766244,9.0,3564.257,4948.0075,mixed,1.3882297208085723,0.6718120805369128,0.7706576728499157,0.03666666666666667,0.06666666666666667,0.013333333333333334,0.8833333333333333,1.3885687519046588,1.4702522149690882,m5a,0.5818386557858612,5.908423723470061
c5a,m5a,q19,19,32575.98,17350.0,3216.0,20566.0,0.15636699567267953,1.0,43.73350000000001,61.980000000000004,bandwidth,1.417220208764448,0.6718120805369128,0.7706576728499157,0.99,0.0,0.006666666666666667,0.0033333333333333335,1.4881823759181796,1.3490193496167509,m5a,0.5818386557858612,4.812297956656693
c5a,m5a,q2,2,120690.45,1361569.5,23867.5,1385437.0,0.01722740389681819,100.0,1534.04,2480.223,mixed,1.616791609084509,0.6718120805369128,0.7706576728499157,0.0,0.0,0.0,1.0,1.3897777105188265,1.184031359308666,m5a,0.5818386557858612,26.766606614249365
c5a,m5a,q20,20,164116.85,57908.0,74292.0,132200.0,0.5619624662445821,193.0,693.21,1043.5055,io,1.505323783557652,0.6718120805369128,0.7706576728499157,0.0,0.0,1.0,0.0,1.4885114885114885,1.291942384987355,m5a,0.5818386557858612,14.17511640359496
c5a,m5a,q21,21,72643.41,771824.5,315764.5,1087589.0,0.2903341332671319,100.0,1585.465,2269.7135,mixed,1.4315759099065573,0.6718120805369128,0.7706576728499157,0.0,0.0,0.0,1.0,1.3897777105188265,1.3901297267574806,m5a,0.5818386557858612,2.8951439362919964
c5a,m5a,q22,22,13103.26,64494.0,0.0,64494.0,0.0,7.0,93.9025,131.582,io,1.4012619472325016,0.6718120805369128,0.7706576728499157,0.0033333333333333335,0.0,0.9966666666666667,0.0,1.4885114885114885,1.2714239741907054,m5a,0.5818386557858612,9.265788834002578
c5a,m5a,q3,3,195291.56,493920.0,124546.0,618466.0,0.20137856991561393,10.0,487.4995,729.5985000000001,mixed,1.4966138426808644,0.6718120805369128,0.7706576728499157,0.0,0.0,0.0033333333333333335,0.9966666666666667,1.3901068231121354,1.420023726492666,m5a,0.5818386557858612,5.117560322107103
c5a,m5a,q4,4,61263.21,169891.0,77503.0,247394.0,0.31327633945714345,5.0,223.132,315.9345,io,1.4159085205170034,0.6718120805369128,0.7706576728499157,0.0,0.0,0.9933333333333333,0.006666666666666667,1.4878532633248707,1.4500884124769717,m5a,0.5818386557858612,2.4139901317556784
c5a,m5a,q5,5,83490.24,322157.5,258767.5,580925.0,0.4454396945566217,5.0,468.384,698.4615,mixed,1.4912155410944865,0.6718120805369128,0.7706576728499157,0.0,0.0,0.0,1.0,1.3897777105188265,1.4369548530698915,m5a,0.5818386557858612,3.638688474556139
c5a,m5a,q6,6,168633.05,0.0,105469.0,105469.0,0.9999905186308903,1.0,506.22450000000003,761.749,bandwidth,1.5047651782954006,0.6718120805369128,0.7706576728499157,0.9933333333333333,0.0033333333333333335,0.0033333333333333335,0.0,1.4878750935424896,1.4694337468902285,m5a,0.5818386557858612,2.347969763973108
c5a,m5a,q7,7,70658.3,1181932.5,500059.5,1681992.0,0.2973017723617161,4.0,2502.548,3633.729,mixed,1.452011709665509,0.6718120805369128,0.7706576728499157,0.0,0.0,0.0,1.0,1.3897777105188265,0.9972238591723921,m5a,0.5818386557858612,31.3212247164235
c5a,m5a,q8,8,90831.9,266495.5,171413.5,437909.0,0.391435454773812,2.0,353.51800000000003,520.2660000000001,mixed,1.4716817814085847,0.6718120805369128,0.7706576728499157,0.0,0.0,0.0,1.0,1.3897777105188265,1.396813493271007,m5a,0.5818386557858612,5.087260648556739
c5a,m5a,q9,9,85841.45,1162326.5,321471.5,1483798.0,0.21665434469223932,175.0,1402.29,2088.801,mixed,1.4895642128233104,0.6718120805369128,0.7706576728499157,0.0,0.0,0.0,1.0,1.3897777105188265,1.4057931650382554,m5a,0.5818386557858612,5.62386280926258
c7i,m5a,q1,1,231253.32,926.0,111688.0,112614.0,0.9917684145096124,4.0,4861.035,4400.6265,compute,0.9052859113336975,1.1860189573459716,0.5662949194547707,0.006666666666666667,0.9933333333333333,0.0,0.0,1.759712949340958,1.244160814901664,m5a,0.5818386557858612,37.43291476487519
c7i,m5a,q10,10,160189.8,156505.0,102639.0,259144.0,0.3960678384688109,20.0,844.875,780.1095,mixed,0.9233430980914337,1.1860189573459716,0.5662949194547707,0.0,0.0,0.0,1.0,1.2202051450971687,1.243324367849712,m5a,0.5818386557858612,34.654644673218996
c7i,m5a,q11,11,10203.71,62785.0,0.0,62785.0,0.0,1217.0,102.75450000000001,133.003,mixed,1.2943764020067245,1.1860189573459716,0.5662949194547707,0.0,0.0,0.006666666666666667,0.9933333333333333,1.2176914897509,1.0019060975579714,m5a,0.5818386557858612,22.595460176446704
c7i,m5a,q12,12,210511.91,1733.0,137137.0,138870.0,0.9875135917506175,2.0,1038.817,1108.8780000000002,compute,1.0674430626375966,1.1860189573459716,0.5662949194547707,0.0,1.0,0.0,0.0,1.7658643326039387,1.1759884741565496,m5a,0.5818386557858612,10.168730803378208
c7i,m5a,q13,13,142161.33,6290.0,23463.0,29753.0,0.7885662431941923,42.0,1499.6860000000001,1283.8784999999998,bandwidth,0.8560982098919372,1.1860189573459716,0.5662949194547707,0.9933333333333333,0.006666666666666667,0.0,0.0,0.8493082264198237,1.2053694950882226,m5a,0.5818386557858612,40.79803942591737
c7i,m5a,q14,14,118586.59,59.0,45765.0,45824.0,0.9986906710310965,1.0,340.724,301.421,bandwidth,0.8846485718646176,1.1860189573459716,0.5662949194547707,1.0,0.0,0.0,0.0,0.8431568431568431,1.2439224253852545,m5a,0.5818386557858612,40.61204244792682
c7i,m5a,q16,16,40977.39,2577.0,19863.0,22440.0,0.8851209839133728,18141.0,396.59749999999997,434.2285,compute,1.0948846122328053,1.1860189573459716,0.5662949194547707,0.01,0.99,0.0,0.0,1.7566372577094675,1.229981301586963,m5a,0.5818386557858612,12.338897436749438
c7i,m5a,q17,17,731369.7,232628.0,1904.0,234532.0,0.008118260543292415,1.0,278.3045,540.1505,io,1.9408615383509786,1.1860189573459716,0.5662949194547707,0.0,0.0,0.9933333333333333,0.006666666666666667,0.8456704985031119,1.2562968908963668,m5a,0.5818386557858612,35.27117385386703
c7i,m5a,q18,18,322525.59,245407.0,151789.0,397196.0,0.382150419061574,9.0,5414.1975,4948.0075,mixed,0.9138949031689367,1.1860189573459716,0.5662949194547707,0.0,0.0,0.0033333333333333335,0.9966666666666667,1.2189483174240343,1.225561144984112,m5a,0.5818386557858612,34.10307254526428
c7i,m5a,q19,19,32575.98,17350.0,3216.0,20566.0,0.15636699567267953,1.0,53.158,61.980000000000004,bandwidth,1.1659580872117086,1.1860189573459716,0.5662949194547707,0.99,0.0,0.006666666666666667,0.0033333333333333335,0.8444136708299776,1.2441795391669936,m5a,0.5818386557858612,6.708770479249829
c7i,m5a,q2,2,120690.45,1361572.0,23865.0,1385437.0,0.017225599413326326,100.0,1391.7885,2480.223,mixed,1.7820401591190038,1.1860189573459716,0.5662949194547707,0.0,0.0,0.0,1.0,1.2202051450971687,1.1882630873739677,m5a,0.5818386557858612,33.32007242971363
c7i,m5a,q20,20,164116.85,57909.5,74290.5,132200.0,0.5619511198856287,193.0,746.219,1043.5055,io,1.3983904188984735,1.1860189573459716,0.5662949194547707,0.0,0.0,1.0,0.0,0.8431568431568431,1.2087918504685244,m5a,0.5818386557858612,13.558342925382583
c7i,m5a,q21,21,72643.41,772253.5,315335.5,1087589.0,0.2899396831526586,100.0,2077.2865,2269.7135,mixed,1.0926338278326073,1.1860189573459716,0.5662949194547707,0.0,0.0,0.0,1.0,1.2202051450971687,1.1946608285579916,m5a,0.5818386557858612,9.337712061118332
c7i,m5a,q22,22,13103.26,64494.0,0.0,64494.0,0.0,7.0,122.9015,131.582,io,1.0706297319398055,1.1860189573459716,0.5662949194547707,0.0033333333333333335,0.0,0.9966666666666667,0.0,0.8431568431568431,1.2385077026809497,m5a,0.5818386557858612,15.68030157699589
c7i,m5a,q3,3,195291.56,493920.0,124546.0,618466.0,0.20137856991561393,10.0,855.2255,729.5985000000001,mixed,0.8531065783234949,1.1860189573459716,0.5662949194547707,0.0,0.0,0.0033333333333333335,0.9966666666666667,1.2189483174240343,1.2264563793620347,m5a,0.5818386557858612,43.76355903528936
c7i,m5a,q4,4,61263.21,169891.0,77503.0,247394.0,0.31327633945714345,5.0,337.77099999999996,315.9345,io,0.9353511698754483,1.1860189573459716,0.5662949194547707,0.0,0.0,0.9933333333333333,0.006666666666666667,0.8456704985031119,1.233902134718295,m5a,0.5818386557858612,31.91859640081509
c7i,m5a,q5,5,83490.24,322170.5,258754.5,580925.0,0.44541731649125704,5.0,1009.4685,698.4615,mixed,0.6919101487564991,1.1860189573459716,0.5662949194547707,0.0,0.0,0.0,1.0,1.2202051450971687,1.1917243824697583,m5a,0.5818386557858612,72.23686986114097
c7i,m5a,q6,6,168633.05,0.0,105469.0,105469.0,0.9999905186308903,1.0,747.0885000000001,761.749,bandwidth,1.0196235118061647,1.1860189573459716,0.5662949194547707,0.9933333333333333,0.0033333333333333335,0.0033333333333333335,0.0,0.8462325347883334,1.2545801881280265,m5a,0.5818386557858612,23.043473752940308
c7i,m5a,q7,7,70658.3,1181931.0,500061.0,1681992.0,0.2973026641609091,4.0,2735.3864999999996,3633.729,mixed,1.328415198364107,1.1860189573459716,0.5662949194547707,0.0,0.0,0.0,1.0,1.2202051450971687,1.2854785011192174,m5a,0.5818386557858612,3.232174496178951
c7i,m5a,q8,8,90831.9,266506.0,171403.0,437909.0,0.39141147724418257,2.0,736.44,520.2660000000001,mixed,0.706460811471403,1.1860189573459716,0.5662949194547707,0.0,0.0,0.0,1.0,1.2202051450971687,1.1823575068365388,m5a,0.5818386557858612,67.36349527639717
c7i,m5a,q9,9,85841.45,1162312.0,321486.0,1483798.0,0.21666411690532209,175.0,2479.5135,2088.801,mixed,0.8424237254606599,1.1860189573459716,0.5662949194547707,0.0,0.0,0.0,1.0,1.2202051450971687,1.1893059400208552,m5a,0.5818386557858612,41.17669102570809
m5a,c5a,q1,1,231253.32,926.0,111688.0,112614.0,0.9917684145096124,4.0,4400.6265,3043.2095,compute,0.6915400568532685,1.4885114885114885,1.2975929978118161,0.006666666666666667,0.9933333333333333,0.0,0.0,0.7699987022344956,0.5559928711911604,m5a,1.0,19.600771396944346
m5a,c5a,q10,10,160189.8,154505.0,104639.0,259144.0,0.4037855254780142,20.0,780.1095,530.1745,mixed,0.6796154898767416,1.4885114885114885,1.2975929978118161,0.0,0.0,0.0,1.0,0.7195395295458321,0.5559928711911604,m5a,1.0,18.190082558006736
m5a,c5a,q11,11,10203.71,62785.0,0.0,62785.0,0.0,1217.0,133.003,85.429,mixed,0.6423088201018023,1.4885114885114885,1.2975929978118161,0.0,0.0,0.006666666666666667,0.9933333333333333,0.7192213465524393,0.7576745980056454,m5a,1.0,17.96110753789092
m5a,c5a,q12,12,210511.91,1747.0,137123.0,138870.0,0.987412778765905,2.0,1108.8780000000002,717.643,compute,0.6471794011604523,1.4885114885114885,1.2975929978118161,0.0,1.0,0.0,0.0,0.7706576728499157,0.5559928711911604,m5a,1.0,14.089838119968906
m5a,c5a,q13,13,142161.33,6267.0,23486.0,29753.0,0.7893392485044027,42.0,1283.8784999999998,833.7245,bandwidth,0.649379594720217,1.4885114885114885,1.2975929978118161,0.9933333333333333,0.006666666666666667,0.0,0.0,0.6724710511523327,0.5788641757624045,m5a,1.0,10.858890475022376
m5a,c5a,q14,14,118586.59,59.0,45765.0,45824.0,0.9986906710310965,1.0,301.421,210.6895,bandwidth,0.698987462718258,1.4885114885114885,1.2975929978118161,1.0,0.0,0.0,0.0,0.6718120805369128,0.5576543494332286,m5a,1.0,20.21969217236115
m5a,c5a,q16,16,40977.39,2576.0,19864.0,22440.0,0.8851655452074328,18141.0,434.2285,306.8055,compute,0.7065531166194757,1.4885114885114885,1.2975929978118161,0.01,0.99,0.0,0.0,0.7696692169267857,0.6324274065812202,m5a,1.0,10.491173033516882
m5a,c5a,q17,17,731369.7,232628.0,1904.0,234532.0,0.008118260543292415,1.0,540.1505,335.7165,io,0.6215240011811524,1.4885114885114885,1.2975929978118161,0.0,0.0,0.9933333333333333,0.006666666666666667,0.6721302635303056,0.8507576404119551,m5a,1.0,36.882507963516154
m5a,c5a,q18,18,322525.59,152235.5,244960.5,397196.0,0.6167229359738367,9.0,4948.0075,3564.257,mixed,0.7203418749870529,1.4885114885114885,1.2975929978118161,0.0,0.0,0.01,0.99,0.719062255055743,0.5774389889192152,m5a,1.0,19.83820336286936
m5a,c5a,q19,19,32575.98,17350.0,3216.0,20566.0,0.15636699567267953,1.0,61.980000000000004,43.73350000000001,bandwidth,0.7056066473055825,1.4885114885114885,1.2975929978118161,0.99,0.0,0.006666666666666667,0.0033333333333333335,0.6719711720336091,0.6449788076302094,m5a,1.0,8.592299960166978
m5a,c5a,q2,2,120690.45,1361570.5,23866.5,1385437.0,0.017226682103421445,100.0,2480.223,1534.04,mixed,0.6185089002077636,1.4885114885114885,1.2975929978118161,0.0,0.0,0.0,1.0,0.7195395295458321,0.9456609159330099,m5a,1.0,52.89366339196615
m5a,c5a,q20,20,164116.85,57906.0,74294.0,132200.0,0.5619775947231866,193.0,1043.5055,693.21,io,0.6643089087695274,1.4885114885114885,1.2975929978118161,0.0,0.0,1.0,0.0,0.6718120805369128,0.7504295262403116,m5a,1.0,12.963941373344202
m5a,c5a,q21,21,72643.41,771775.5,315813.5,1087589.0,0.2903791870098107,100.0,2269.7135,1585.465,mixed,0.6985308938771347,1.4885114885114885,1.2975929978118161,0.0,0.0,0.0,1.0,0.7195395295458321,0.6115166930755018,m5a,1.0,12.456743368738952
m5a,c5a,q22,22,13103.26,64494.0,0.0,64494.0,0.0,7.0,131.582,93.9025,io,0.7136424434953109,1.4885114885114885,1.2975929978118161,0.0033333333333333335,0.0,0.9966666666666667,0.0,0.6718120805369128,0.6864452036255553,m5a,1.0,3.811045729924322
m5a,c5a,q3,3,195291.56,493920.0,124546.0,618466.0,0.20137856991561393,10.0,729.5985000000001,487.4995,mixed,0.6681750305133577,1.4885114885114885,1.2975929978118161,0.0,0.0,0.0033333333333333335,0.9966666666666667,0.7193804380491358,0.5766826470752748,m5a,1.0,13.692876755330024
m5a,c5a,q4,4,61263.21,169891.0,77503.0,247394.0,0.31327633945714345,5.0,315.9345,223.132,io,0.7062603166162607,1.4885114885114885,1.2975929978118161,0.0,0.0,0.9933333333333333,0.006666666666666667,0.6721302635303056,0.5759634254829897,m5a,1.0,18.448847835247467
m5a,c5a,q5,5,83490.24,322143.5,258781.5,580925.0,0.4454637940116297,5.0,698.4615,468.384,mixed,0.6705938695260941,1.4885114885114885,1.2975929978118161,0.0,0.0,0.0,1.0,0.7195395295458321,0.5775873054689732,m5a,1.0,13.869283374577861
m5a,c5a,q6,6,168633.05,0.0,105469.0,105469.0,0.9999905186308903,1.0,761.749,506.22450000000003,bandwidth,0.6645555163183674,1.4885114885114885,1.2975929978118161,0.9933333333333333,0.0033333333333333335,0.0033333333333333335,0.0,0.6721415658446228,0.5556681616474906,m5a,1.0,16.38498996654365
m5a,c5a,q7,7,70658.3,1181928.0,500064.0,1681992.0,0.2973044477592951,4.0,3633.729,2502.548,mixed,0.6886996801357503,1.4885114885114885,1.2975929978118161,0.0,0.0,0.0,1.0,0.7195395295458321,0.7698275785423953,m5a,1.0,11.77986584670022
m5a,c5a,q8,8,90831.9,266512.0,171397.0,437909.0,0.39139777579868007,2.0,520.2660000000001,353.51800000000003,mixed,0.6794947200086109,1.4885114885114885,1.2975929978118161,0.0,0.0,0.0,1.0,0.7195395295458321,0.5482174182296018,m5a,1.0,19.319841334064446
m5a,c5a,q9,9,85841.45,1162311.0,321487.0,1483798.0,0.21666479085105192,175.0,2088.801,1402.29,mixed,0.6713372887125197,1.4885114885114885,1.2975929978118161,0.0,0.0,0.0,1.0,0.7195395295458321,0.621508470014371,m5a,1.0,7.422322510002333
m5a,c7i,q1,1,231253.32,926.0,111688.0,112614.0,0.9917684145096124,4.0,4400.6265,4861.035,compute,1.1046233985092804,0.8431568431568431,1.7658643326039387,0.006666666666666667,0.9933333333333333,0.0,0.0,0.5704264130407121,0.8687385639739982,m5a,1.0,21.354321740207137
m5a,c7i,q10,10,160189.8,154505.0,104639.0,259144.0,0.4037855254780142,20.0,780.1095,844.875,mixed,1.0830210374312836,0.8431568431568431,1.7658643326039387,0.0,0.0,0.0,1.0,0.8195343250420132,0.8739661579159125,m5a,1.0,19.30293801228542
m5a,c7i,q11,11,10203.71,62785.0,0.0,62785.0,0.0,1217.0,133.003,102.75450000000001,mixed,0.7725727991097947,0.8431568431568431,1.7658643326039387,0.0,0.0,0.006666666666666667,0.9933333333333333,0.8219775559240395,0.8266311190701541,m5a,1.0,6.997181368881826
m5a,c7i,q12,12,210511.91,1747.0,137123.0,138870.0,0.987412778765905,2.0,1108.8780000000002,1038.817,compute,0.9368181170516503,0.8431568431568431,1.7658643326039387,0.0,1.0,0.0,0.0,0.5662949194547707,0.8829413393212678,m5a,1.0,5.751039262556452
m5a,c7i,q13,13,142161.33,6267.0,23486.0,29753.0,0.7893392485044027,42.0,1283.8784999999998,1499.6860000000001,bandwidth,1.1680902826864072,0.8431568431568431,1.7658643326039387,0.9933333333333333,0.006666666666666667,0.0,0.0,1.1818874637600303,0.8700992877054706,m5a,1.0,25.510955736709708
m5a,c7i,q14,14,118586.59,59.0,45765.0,45824.0,0.9986906710310965,1.0,301.421,340.724,bandwidth,1.1303923747847695,0.8431568431568431,1.7658643326039387,1.0,0.0,0.0,0.0,1.1860189573459716,0.8770149558200625,m5a,1.0,22.414997182987094
m5a,c7i,q16,16,40977.39,2576.0,19864.0,22440.0,0.8851655452074328,18141.0,434.2285,396.59749999999997,compute,0.9133382539377308,0.8431568431568431,1.7658643326039387,0.01,0.99,0.0,0.0,0.5724921598336827,0.8350371092009294,m5a,1.0,8.573071849253756
m5a,c7i,q17,17,731369.7,232628.0,1904.0,234532.0,0.008118260543292415,1.0,540.1505,278.3045,io,0.515235105771447,0.8431568431568431,1.7658643326039387,0.0,0.0,0.9933333333333333,0.006666666666666667,1.1835757264639453,0.8381122211777596,m5a,1.0,62.665977490582236
m5a,c7i,q18,18,322525.59,152235.5,244960.5,397196.0,0.6167229359738367,9.0,4948.0075,5414.1975,mixed,1.094217722992538,0.8431568431568431,1.7658643326039387,0.0,0.0,0.01,0.99,0.8231991713650527,0.8802957631526369,m5a,1.0,19.550218877359562
m5a,c7i,q19,19,32575.98,17350.0,3216.0,20566.0,0.15636699567267953,1.0,61.980000000000004,53.158,bandwidth,0.8576637625040335,0.8431568431568431,1.7658643326039387,0.99,0.0,0.006666666666666667,0.0033333333333333335,1.1847973419049584,0.8406410229861152,m5a,1.0,1.9847800807415217
m5a,c7i,q2,2,120690.45,1361570.5,23866.5,1385437.0,0.017226682103421445,100.0,2480.223,1391.7885,mixed,0.5611545816646326,0.8431568431568431,1.7658643326039387,0.0,0.0,0.0,1.0,0.8195343250420132,0.8149976216416659,m5a,1.0,45.23584913519241
m5a,c7i,q20,20,164116.85,57906.0,74294.0,132200.0,0.5619775947231866,193.0,1043.5055,746.219,io,0.7151078743715295,0.8431568431568431,1.7658643326039387,0.0,0.0,1.0,0.0,1.1860189573459716,0.8629189793957295,m5a,1.0,20.669763307263732
m5a,c7i,q21,21,72643.41,771775.5,315813.5,1087589.0,0.2903791870098107,100.0,2269.7135,2077.2865,mixed,0.9152196962303834,0.8431568431568431,1.7658643326039387,0.0,0.0,0.0,1.0,0.8195343250420132,0.8527337296150003,m5a,1.0,6.827428088878654
m5a,c7i,q22,22,13103.26,64494.0,0.0,64494.0,0.0,7.0,131.582,122.9015,io,0.9340297305102522,0.8431568431568431,1.7658643326039387,0.0033333333333333335,0.0,0.9966666666666667,0.0,1.1860189573459716,0.8523620179657082,m5a,1.0,8.74358811897022
m5a,c7i,q3,3,195291.56,493920.0,124546.0,618466.0,0.20137856991561393,10.0,729.5985000000001,855.2255,mixed,1.172186483387781,0.8431568431568431,1.7658643326039387,0.0,0.0,0.0033333333333333335,0.9966666666666667,0.8207559404830264,0.8739661579159125,m5a,1.0,25.441372144982477
m5a,c7i,q4,4,61263.21,169891.0,77503.0,247394.0,0.31327633945714345,5.0,315.9345,337.77099999999996,io,1.0691171746042294,0.8431568431568431,1.7658643326039387,0.0,0.0,0.9933333333333333,0.006666666666666667,1.1835757264639453,0.8700992877054706,m5a,1.0,18.61516133368937
m5a,c7i,q5,5,83490.24,322143.5,258781.5,580925.0,0.4454637940116297,5.0,698.4615,1009.4685,mixed,1.4452743637265617,0.8431568431568431,1.7658643326039387,0.0,0.0,0.0,1.0,0.8195343250420132,0.8969638928742215,m5a,1.0,37.93815794521888
m5a,c7i,q6,6,168633.05,0.0,105469.0,105469.0,0.9999905186308903,1.0,761.749,747.0885000000001,bandwidth,0.9807541591784171,0.8431568431568431,1.7658643326039387,0.9933333333333333,0.0033333333333333335,0.0033333333333333335,0.0,1.1839532105530008,0.8769236721655278,m5a,1.0,10.58680058006266
m5a,c7i,q7,7,70658.3,1181928.0,500064.0,1681992.0,0.2973044477592951,4.0,3633.729,2735.3864999999996,mixed,0.75277669303352,0.8431568431568431,1.7658643326039387,0.0,0.0,0.0,1.0,0.8195343250420132,0.9532945484045907,m5a,1.0,26.637096661830622
m5a,c7i,q8,8,90831.9,266512.0,171397.0,437909.0,0.39139777579868007,2.0,520.2660000000001,736.44,mixed,1.4155066831197887,0.8431568431568431,1.7658643326039387,0.0,0.0,0.0,1.0,0.8195343250420132,0.871501795992744,m5a,1.0,38.43181340041809
m5a,c7i,q9,9,85841.45,1162311.0,321487.0,1483798.0,0.21666479085105192,175.0,2088.801,2479.5135,mixed,1.1870510881601455,0.8431568431568431,1.7658643326039387,0.0,0.0,0.0,1.0,0.8195343250420132,0.8592638337967707,m5a,1.0,27.613575997931513
m5a,r5n,q1,1,231253.32,926.0,111688.0,112614.0,0.9917684145096124,4.0,4400.6265,7103.264,compute,1.614148349104383,0.9380619380619382,1.5426695842450764,0.006666666666666667,0.9933333333333333,0.0,0.0,0.6510122886124519,0.8653159199134761,m5a,1.0,46.39179723514259
m5a,r5n,q10,10,160189.8,154505.0,104639.0,259144.0,0.4037855254780142,20.0,780.1095,1038.925,mixed,1.3317681684430198,0.9380619380619382,1.5426695842450764,0.0,0.0,0.0,1.0,0.8312808658053319,0.8747615481890502,m5a,1.0,34.31577890829599
m5a,r5n,q11,11,10203.71,62785.0,0.0,62785.0,0.0,1217.0,133.003,102.45349999999999,mixed,0.7703096922625805,0.9380619380619382,1.5426695842450764,0.0,0.0,0.006666666666666667,0.9933333333333333,0.8328458446268355,0.8415406519899018,m5a,1.0,9.247054845967112
m5a,r5n,q12,12,210511.91,1747.0,137123.0,138870.0,0.987412778765905,2.0,1108.8780000000002,1559.5430000000001,compute,1.4064153134970663,0.9380619380619382,1.5426695842450764,0.0,1.0,0.0,0.0,0.64822695035461,0.8755708106491821,m5a,1.0,37.74450532168438
m5a,r5n,q13,13,142161.33,6267.0,23486.0,29753.0,0.7893392485044027,42.0,1283.8784999999998,1625.7675,bandwidth,1.2662938899592135,0.9380619380619382,1.5426695842450764,0.9933333333333333,0.006666666666666667,0.0,0.0,1.063242350773042,0.8798313694151966,m5a,1.0,30.519180705867942
m5a,r5n,q14,14,118586.59,59.0,45765.0,45824.0,0.9986906710310965,1.0,301.421,422.8055,bandwidth,1.402707508766808,0.9380619380619382,1.5426695842450764,1.0,0.0,0.0,0.0,1.0660276890308837,0.8795066598715268,m5a,1.0,37.299354685514864
m5a,r5n,q16,16,40977.39,2576.0,19864.0,22440.0,0.8851655452074328,18141.0,434.2285,560.7415000000001,compute,1.2913512125528381,0.9380619380619382,1.5426695842450764,0.01,0.99,0.0,0.0,0.6524049577413726,0.8500457928659949,m5a,1.0,34.17392692220718
m5a,r5n,q17,17,731369.7,232628.0,1904.0,234532.0,0.008118260543292415,1.0,540.1505,362.418,io,0.6709574461191835,0.9380619380619382,1.5426695842450764,0.0,0.0,0.9933333333333333,0.006666666666666667,1.06446271020938,0.8477451521421678,m5a,1.0,26.348572036203493
m5a,r5n,q18,18,322525.59,152235.5,244960.5,397196.0,0.6167229359738367,9.0,4948.0075,7234.161,mixed,1.4620351727437761,0.9380619380619382,1.5426695842450764,0.0,0.0,0.01,0.99,0.8336283340375874,0.8736735989567894,m5a,1.0,40.24264154211959
m5a,r5n,q19,19,32575.98,17350.0,3216.0,20566.0,0.15636699567267953,1.0,61.980000000000004,73.7775,bandwidth,1.1903436592449177,0.9380619380619382,1.5426695842450764,0.99,0.0,0.006666666666666667,0.0033333333333333335,1.065245199620132,0.8502739539505234,m5a,1.0,28.569035727893404
m5a,r5n,q2,2,120690.45,1361570.5,23866.5,1385437.0,0.017226682103421445,100.0,2480.223,1687.966,mixed,0.6805702551746354,0.9380619380619382,1.5426695842450764,0.0,0.0,0.0,1.0,0.8312808658053319,0.8387924053758412,m5a,1.0,23.24846685528531
m5a,r5n,q20,20,164116.85,57906.0,74294.0,132200.0,0.5619775947231866,193.0,1043.5055,885.5885000000001,io,0.8486668254264114,0.9380619380619382,1.5426695842450764,0.0,0.0,1.0,0.0,1.0660276890308837,0.8767300707730901,m5a,1.0,3.3067447089826283
m5a,r5n,q21,21,72643.41,771775.5,315813.5,1087589.0,0.2903791870098107,100.0,2269.7135,2575.3975,mixed,1.1346795531682745,0.9380619380619382,1.5426695842450764,0.0,0.0,0.0,1.0,0.8312808658053319,0.8765285133491756,m5a,1.0,22.751008344010827
m5a,r5n,q22,22,13103.26,64494.0,0.0,64494.0,0.0,7.0,131.582,177.9305,io,1.35224042802207,0.9380619380619382,1.5426695842450764,0.0033333333333333335,0.0,0.9966666666666667,0.0,1.0660276890308837,0.8619949489301164,m5a,1.0,36.25431313342986
m5a,r5n,q3,3,195291.56,493920.0,124546.0,618466.0,0.20137856991561393,10.0,729.5985000000001,1067.1325,mixed,1.4626297888496205,0.9380619380619382,1.5426695842450764,0.0,0.0,0.0033333333333333335,0.9966666666666667,0.8320633552160838,0.8746623974437324,m5a,1.0,40.199331087624905
m5a,r5n,q4,4,61263.21,169891.0,77503.0,247394.0,0.31327633945714345,5.0,315.9345,439.73,io,1.3918391312123242,0.9380619380619382,1.5426695842450764,0.0,0.0,0.9933333333333333,0.006666666666666667,1.06446271020938,0.8797322186698788,m5a,1.0,36.79354180079621
m5a,r5n,q5,5,83490.24,322143.5,258781.5,580925.0,0.4454637940116297,5.0,698.4615,1107.366,mixed,1.5854359903874444,0.9380619380619382,1.5426695842450764,0.0,0.0,0.0,1.0,0.8312808658053319,0.8992269794928016,m5a,1.0,43.282038193604336
m5a,r5n,q6,6,168633.05,0.0,105469.0,105469.0,0.9999905186308903,1.0,761.749,1067.0695,bandwidth,1.4008150978865743,0.9380619380619382,1.5426695842450764,0.9933333333333333,0.0033333333333333335,0.0033333333333333335,0.0,1.0646350199019627,0.8794153762169921,m5a,1.0,37.22116662336264
m5a,r5n,q7,7,70658.3,1181928.0,500064.0,1681992.0,0.2973044477592951,4.0,3633.729,3602.5985,mixed,0.9914329054258036,0.9380619380619382,1.5426695842450764,0.0,0.0,0.0,1.0,0.8312808658053319,0.9497727535987509,m5a,1.0,4.202014236067786
m5a,r5n,q8,8,90831.9,266512.0,171397.0,437909.0,0.39139777579868007,2.0,520.2660000000001,821.899,mixed,1.5797668884762792,0.9380619380619382,1.5426695842450764,0.0,0.0,0.0,1.0,0.8312808658053319,0.8737648826113241,m5a,1.0,44.69026481153241
m5a,r5n,q9,9,85841.45,1162311.0,321487.0,1483798.0,0.21666479085105192,175.0,2088.801,3018.959,mixed,1.4453071403163824,0.9380619380619382,1.5426695842450764,0.0,0.0,0.0,1.0,0.8312808658053319,0.883058617530946,m5a,1.0,38.90166367422487
m5a,z1d,q1,1,231253.32,926.0,111688.0,112614.0,0.9917684145096124,4.0,4400.6265,5716.394,compute,1.2989954953004987,0.976023976023976,1.9299781181619255,0.006666666666666667,0.9933333333333333,0.0,0.0,0.5215167522712485,0.8795186952607458,m5a,1.0,32.29239836145196
m5a,z1d,q10,10,160189.8,154505.0,104639.0,259144.0,0.4037855254780142,20.0,780.1095,900.594,mixed,1.1544456259025175,0.976023976023976,1.9299781181619255,0.0,0.0,0.0,1.0,0.728607377467615,0.8705435138553904,m5a,1.0,24.592073084878237
m5a,z1d,q11,11,10203.71,62785.0,0.0,62785.0,0.0,1217.0,133.003,72.5035,mixed,0.5451268016510906,0.976023976023976,1.9299781181619255,0.0,0.0,0.006666666666666667,0.9933333333333333,0.7305804282503794,0.8326554011754742,m5a,1.0,52.74526929395351
m5a,z1d,q12,12,210511.91,1747.0,137123.0,138870.0,0.987412778765905,2.0,1108.8780000000002,1242.102,compute,1.1201430635290808,0.976023976023976,1.9299781181619255,0.0,1.0,0.0,0.0,0.518140589569161,0.8795186952607458,m5a,1.0,21.481574640138636
m5a,z1d,q13,13,142161.33,6267.0,23486.0,29753.0,0.7893392485044027,42.0,1283.8784999999998,1165.3690000000001,bandwidth,0.9076941470707706,0.976023976023976,1.9299781181619255,0.9933333333333333,0.006666666666666667,0.0,0.0,1.0211888321802052,0.8798313694151966,m5a,1.0,3.069621826414796
m5a,z1d,q14,14,118586.59,59.0,45765.0,45824.0,0.9986906710310965,1.0,301.421,363.295,bandwidth,1.2052743504931642,0.976023976023976,1.9299781181619255,1.0,0.0,0.0,0.0,1.0245649948822928,0.8795066598715268,m5a,1.0,27.02850935874828
m5a,z1d,q16,16,40977.39,2576.0,19864.0,22440.0,0.8851655452074328,18141.0,434.2285,440.102,compute,1.0135262885784788,0.976023976023976,1.9299781181619255,0.01,0.99,0.0,0.0,0.5232048336222923,0.8698988797139261,m5a,1.0,14.17105905225185
m5a,z1d,q17,17,731369.7,232628.0,1904.0,234532.0,0.008118260543292415,1.0,540.1505,293.0045,io,0.5424497431734304,0.976023976023976,1.9299781181619255,0.0,0.0,0.9933333333333333,0.006666666666666667,1.0225919440995284,0.8477451521421678,m5a,1.0,56.280865243423904
m5a,z1d,q18,18,322525.59,152235.5,244960.5,397196.0,0.6167229359738367,9.0,4948.0075,6297.545,mixed,1.2727436245801973,0.976023976023976,1.9299781181619255,0.0,0.0,0.01,0.99,0.7315669536417617,0.8694555646231297,m5a,1.0,31.686511891983628
m5a,z1d,q19,19,32575.98,17350.0,3216.0,20566.0,0.15636699567267953,1.0,61.980000000000004,59.442499999999995,bandwidth,0.95905937399161,0.976023976023976,1.9299781181619255,0.99,0.0,0.006666666666666667,0.0033333333333333335,1.0235784694909107,0.8502739539505234,m5a,1.0,11.342928601836311
m5a,z1d,q2,2,120690.45,1361570.5,23866.5,1385437.0,0.017226682103421445,100.0,2480.223,1347.4665,mixed,0.5432844143450004,0.976023976023976,1.9299781181619255,0.0,0.0,0.0,1.0,0.728607377467615,0.8299071545614136,m5a,1.0,52.75740158347336
m5a,z1d,q20,20,164116.85,57906.0,74294.0,132200.0,0.5619775947231866,193.0,1043.5055,742.5440000000001,io,0.7115860913047417,0.976023976023976,1.9299781181619255,0.0,0.0,1.0,0.0,1.0245649948822928,0.8767300707730901,m5a,1.0,23.207870626805757
m5a,z1d,q21,21,72643.41,771775.5,315813.5,1087589.0,0.2903791870098107,100.0,2269.7135,2139.5119999999997,mixed,0.9426352709273659,0.976023976023976,1.9299781181619255,0.0,0.0,0.0,1.0,0.728607377467615,0.867643262534748,m5a,1.0,7.955569954309119
m5a,z1d,q22,22,13103.26,64494.0,0.0,64494.0,0.0,7.0,131.582,142.582,io,1.0835980605249957,0.976023976023976,1.9299781181619255,0.0033333333333333335,0.0,0.9966666666666667,0.0,1.0245649948822928,0.8619949489301164,m5a,1.0,20.45067443988541
m5a,z1d,q3,3,195291.56,493920.0,124546.0,618466.0,0.20137856991561393,10.0,729.5985000000001,913.617,mixed,1.252218857357848,0.976023976023976,1.9299781181619255,0.0,0.0,0.0033333333333333335,0.9966666666666667,0.7295939028589973,0.8704443631100727,m5a,1.0,30.487841003553523
m5a,z1d,q4,4,61263.21,169891.0,77503.0,247394.0,0.31327633945714345,5.0,315.9345,398.5265,io,1.2614212756125083,0.976023976023976,1.9299781181619255,0.0,0.0,0.9933333333333333,0.006666666666666667,1.0225919440995284,0.8797322186698788,m5a,1.0,30.258650644471864
m5a,z1d,q5,5,83490.24,322143.5,258781.5,580925.0,0.4454637940116297,5.0,698.4615,1021.2819999999999,mixed,1.4621879659795134,0.976023976023976,1.9299781181619255,0.0,0.0,0.0,1.0,0.728607377467615,0.890341728678374,m5a,1.0,39.10894157291618
m5a,z1d,q6,6,168633.05,0.0,105469.0,105469.0,0.9999905186308903,1.0,761.749,887.3354999999999,bandwidth,1.164865986040021,0.976023976023976,1.9299781181619255,0.9933333333333333,0.0033333333333333335,0.0033333333333333335,0.0,1.022876913531249,0.8794153762169921,m5a,1.0,24.505017164542892
m5a,z1d,q7,7,70658.3,1181928.0,500064.0,1681992.0,0.2973044477592951,4.0,3633.729,3083.709,mixed,0.8486348321517647,0.976023976023976,1.9299781181619255,0.0,0.0,0.0,1.0,0.728607377467615,0.9601078813465519,m5a,1.0,13.135573154844534
m5a,z1d,q8,8,90831.9,266512.0,171397.0,437909.0,0.39139777579868007,2.0,520.2660000000001,725.1700000000001,mixed,1.3938446871408088,0.976023976023976,1.9299781181619255,0.0,0.0,0.0,1.0,0.728607377467615,0.8648796317968965,m5a,1.0,37.95007149820812
m5a,z1d,q9,9,85841.45,1162311.0,321487.0,1483798.0,0.21666479085105192,175.0,2088.801,2514.5299999999997,mixed,1.2038150115784125,0.976023976023976,1.9299781181619255,0.0,0.0,0.0,1.0,0.728607377467615,0.8845084944643195,m5a,1.0,26.52455020438948
r5n,m5a,q1,1,231253.32,926.0,111688.0,112614.0,0.9917684145096124,4.0,7103.264,4400.6265,compute,0.6195217438067908,1.0660276890308837,0.64822695035461,0.006666666666666667,0.9933333333333333,0.0,0.0,1.5386388666038553,1.1442672055218652,m5a,0.5818386557858612,84.70170207274047
r5n,m5a,q10,10,160189.8,156191.0,102952.0,259143.0,0.3972771895162535,20.0,1038.925,780.1095,mixed,0.7508814399499483,1.0660276890308837,0.64822695035461,0.0,0.0,0.0,1.0,1.2029628506259622,1.1285753099547358,m5a,0.5818386557858612,50.30006734884319
r5n,m5a,q11,11,10203.71,62785.0,0.0,62785.0,0.0,1217.0,102.45349999999999,133.003,mixed,1.2981791739667263,1.0660276890308837,0.64822695035461,0.0,0.0,0.006666666666666667,0.9933333333333333,1.2011968445422019,1.0420228615421983,m5a,0.5818386557858612,19.731969019485568
r5n,m5a,q12,12,210511.91,1684.0,137186.0,138870.0,0.987866437197111,2.0,1559.5430000000001,1108.8780000000002,compute,0.7110275253712146,1.0660276890308837,0.64822695035461,0.0,1.0,0.0,0.0,1.5426695842450764,1.1410676853865398,m5a,0.5818386557858612,60.48150664642821
r5n,m5a,q13,13,142161.33,6292.0,23461.0,29753.0,0.7884990253411306,42.0,1625.7675,1283.8784999999998,bandwidth,0.7897060926608509,1.0660276890308837,0.64822695035461,0.9933333333333333,0.006666666666666667,0.0,0.0,0.9420926557031591,1.1311705969996948,m5a,0.5818386557858612,43.23944154822294
r5n,m5a,q14,14,118586.59,59.0,45765.0,45824.0,0.9986906710310965,1.0,422.8055,301.421,bandwidth,0.712906998608107,1.0660276890308837,0.64822695035461,1.0,0.0,0.0,0.0,0.9380619380619383,1.1395161168556134,m5a,0.5818386557858612,59.840781347416424
r5n,m5a,q16,16,40977.39,2577.0,19863.0,22440.0,0.8851209839133728,18141.0,560.7415000000001,434.2285,compute,0.7743826700895152,1.0660276890308837,0.64822695035461,0.01,0.99,0.0,0.0,1.536623507783245,1.1724691217626533,m5a,0.5818386557858612,51.40694220689637
r5n,m5a,q17,17,731369.7,232628.0,1904.0,234532.0,0.008118260543292415,1.0,362.418,540.1505,io,1.4904074852794287,1.0660276890308837,0.64822695035461,0.0,0.0,0.9933333333333333,0.006666666666666667,0.9398279441456984,1.1397165632523498,m5a,0.5818386557858612,23.52986854204705
r5n,m5a,q18,18,322525.59,245400.0,151796.0,397196.0,0.3821680425582268,9.0,7234.161,4948.0075,mixed,0.6839780729237295,1.0660276890308837,0.64822695035461,0.0,0.0,0.0033333333333333335,0.9966666666666667,1.2020798475840822,1.1216376913361246,m5a,0.5818386557858612,63.98737558085412
r5n,m5a,q19,19,32575.98,17350.0,3216.0,20566.0,0.15636699567267953,1.0,73.7775,61.980000000000004,bandwidth,0.8400935244485107,1.0660276890308837,0.64822695035461,0.99,0.0,0.006666666666666667,0.0033333333333333335,0.9389449411038184,1.1397732306373525,m5a,0.5818386557858612,35.67218380662677
r5n,m5a,q2,2,120690.45,1361559.0,23878.0,1385437.0,0.017234982727484017,100.0,1687.966,2480.223,mixed,1.4693560178344824,1.0660276890308837,0.64822695035461,0.0,0.0,0.0,1.0,1.2029628506259622,1.1339267385943452,m5a,0.5818386557858612,22.828319016550424
r5n,m5a,q20,20,164116.85,57909.0,74291.0,132200.0,0.5619549020052799,193.0,885.5885000000001,1043.5055,io,1.178318711229877,1.0660276890308837,0.64822695035461,0.0,0.0,1.0,0.0,0.9380619380619383,1.1345929523799967,m5a,0.5818386557858612,3.7108600952488713
r5n,m5a,q21,21,72643.41,772134.0,315455.0,1087589.0,0.29004955911694663,100.0,2575.3975,2269.7135,mixed,0.8813060896424726,1.0660276890308837,0.64822695035461,0.0,0.0,0.0,1.0,1.2029628506259622,1.145540178546516,m5a,0.5818386557858612,29.982101792946608
r5n,m5a,q22,22,13103.26,64494.0,0.0,64494.0,0.0,7.0,177.9305,131.582,io,0.7395134617167939,1.0660276890308837,0.64822695035461,0.0033333333333333335,0.0,0.9966666666666667,0.0,0.9380619380619383,1.1341013941513085,m5a,0.5818386557858612,53.35777546475917
r5n,m5a,q3,3,195291.56,493920.0,124546.0,618466.0,0.20137856991561393,10.0,1067.1325,729.5985000000001,mixed,0.683700009136635,1.0660276890308837,0.64822695035461,0.0,0.0,0.0033333333333333335,0.9966666666666667,1.2020798475840822,1.1304498134830614,m5a,0.5818386557858612,65.3429571999823
r5n,m5a,q4,4,61263.21,169891.0,77503.0,247394.0,0.31327633945714345,5.0,439.73,315.9345,io,0.718473836217679,1.0660276890308837,0.64822695035461,0.0,0.0,0.9933333333333333,0.006666666666666667,0.9398279441456984,1.1294958261886539,m5a,0.5818386557858612,57.20764894303622
r5n,m5a,q5,5,83490.24,322186.0,258739.0,580925.0,0.4453906349517839,5.0,1107.366,698.4615,mixed,0.6307413267158284,1.0660276890308837,0.64822695035461,0.0,0.0,0.0,1.0,1.2029628506259622,1.119340824407968,m5a,0.5818386557858612,77.46432285263451
r5n,m5a,q6,6,168633.05,0.0,105469.0,105469.0,0.9999905186308903,1.0,1067.0695,761.749,bandwidth,0.7138700899988238,1.0660276890308837,0.64822695035461,0.9933333333333333,0.0033333333333333335,0.0033333333333333335,0.0,0.9400772968825486,1.1379998604840096,m5a,0.5818386557858612,59.41273859588158
r5n,m5a,q7,7,70658.3,1181933.0,500059.0,1681992.0,0.29730147509531846,4.0,3602.5985,3633.729,mixed,1.0086411238998738,1.0660276890308837,0.64822695035461,0.0,0.0,0.0,1.0,1.2029628506259622,1.132947517227952,m5a,0.5818386557858612,12.324144870025926
r5n,m5a,q8,8,90831.9,266514.5,171394.5,437909.0,0.39139206686305406,2.0,821.899,520.2660000000001,mixed,0.6330047852595028,1.0660276890308837,0.64822695035461,0.0,0.0,0.0,1.0,1.2029628506259622,1.1213684114703713,m5a,0.5818386557858612,77.15006862241364
r5n,m5a,q9,9,85841.45,1162328.5,321469.5,1483798.0,0.21665299680077962,175.0,3018.959,2088.801,mixed,0.6918944576590805,1.0660276890308837,0.64822695035461,0.0,0.0,0.0,1.0,1.2029628506259622,1.1224105175875334,m5a,0.5818386557858612,62.22279354354685
z1d,m5a,q1,1,231253.32,926.0,111688.0,112614.0,0.9917684145096124,4.0,5716.394,4400.6265,compute,0.7698256103410647,1.0245649948822928,0.518140589569161,0.006666666666666667,0.9933333333333333,0.0,0.0,1.923618423881006,1.0760948647767508,m5a,0.5818386557858612,39.78423818609985
z1d,m5a,q10,10,160189.8,156403.5,102740.5,259144.0,0.396459511084528,20.0,900.594,780.1095,mixed,0.8662166303572975,1.0245649948822928,0.518140589569161,0.0,0.0,0.0,1.0,1.372481299154081,1.1556047775842888,m5a,0.5818386557858612,33.40828807542339
z1d,m5a,q11,11,10203.71,62785.0,0.0,62785.0,0.0,1217.0,72.5035,133.003,mixed,1.8344355789720495,1.0245649948822928,0.518140589569161,0.0,0.0,0.006666666666666667,0.9933333333333333,1.3698382503332134,1.0690523291717513,m5a,0.5818386557858612,41.72309230009542
z1d,m5a,q12,12,210511.91,1726.0,137144.0,138870.0,0.9875639982429737,2.0,1242.102,1108.8780000000002,compute,0.892743108053928,1.0245649948822928,0.518140589569161,0.0,1.0,0.0,0.0,1.9299781181619258,1.0760948647767508,m5a,0.5818386557858612,20.538019847894144
z1d,m5a,q13,13,142161.33,6247.0,23506.0,29753.0,0.7900114270350205,42.0,1165.3690000000001,1283.8784999999998,bandwidth,1.1016926827468378,1.0245649948822928,0.518140589569161,0.9933333333333333,0.006666666666666667,0.0,0.0,0.9823836703048956,1.13660650806706,m5a,0.5818386557858612,3.1691074895016906
z1d,m5a,q14,14,118586.59,59.0,45765.0,45824.0,0.9986906710310965,1.0,363.295,301.421,bandwidth,0.8296866183129412,1.0245649948822928,0.518140589569161,1.0,0.0,0.0,0.0,0.976023976023976,1.1395161168556134,m5a,0.5818386557858612,37.342954761964194
z1d,m5a,q16,16,40977.39,2577.0,19863.0,22440.0,0.8851209839133728,18141.0,440.102,434.2285,compute,0.9866542301557367,1.0245649948822928,0.518140589569161,0.01,0.99,0.0,0.0,1.920438576740546,1.0787833868954533,m5a,0.5818386557858612,9.337532230026985
z1d,m5a,q17,17,731369.7,232628.0,1904.0,234532.0,0.008118260543292415,1.0,293.0045,540.1505,io,1.843488751879237,1.0245649948822928,0.518140589569161,0.0,0.0,0.9933333333333333,0.006666666666666667,0.9786670248448432,1.1397165632523498,m5a,0.5818386557858612,38.1761042973258
z1d,m5a,q18,18,322525.59,243369.5,153826.5,397196.0,0.38728011540872664,9.0,6297.545,4948.0075,mixed,0.7857041910776341,1.0245649948822928,0.518140589569161,0.0,0.0,0.0033333333333333335,0.9966666666666667,1.3711597747436473,1.117750647835299,m5a,0.5818386557858612,42.26100109027621
z1d,m5a,q19,19,32575.98,17350.0,3216.0,20566.0,0.15636699567267953,1.0,59.442499999999995,61.980000000000004,bandwidth,1.0426883122345125,1.0245649948822928,0.518140589569161,0.99,0.0,0.006666666666666667,0.0033333333333333335,0.9773455004344097,1.1397732306373525,m5a,0.5818386557858612,9.311020106745422
z1d,m5a,q2,2,120690.45,1361565.0,23872.0,1385437.0,0.017230651967103543,100.0,1347.4665,2480.223,mixed,1.8406565209598902,1.0245649948822928,0.518140589569161,0.0,0.0,0.0,1.0,1.372481299154081,1.1300396950935196,m5a,0.5818386557858612,38.60670460645143
z1d,m5a,q20,20,164116.85,57909.0,74291.0,132200.0,0.5619549020052799,193.0,742.5440000000001,1043.5055,io,1.4053113350858668,1.0245649948822928,0.518140589569161,0.0,0.0,1.0,0.0,0.976023976023976,1.1345929523799967,m5a,0.5818386557858612,19.26394357940113
z1d,m5a,q21,21,72643.41,772092.0,315497.0,1087589.0,0.2900881766106713,100.0,2139.5119999999997,2269.7135,mixed,1.0608556998044414,1.0245649948822928,0.518140589569161,0.0,0.0,0.0,1.0,1.372481299154081,1.138325261520994,m5a,0.5818386557858612,7.302554129730687
z1d,m5a,q22,22,13103.26,64494.0,0.0,64494.0,0.0,7.0,142.582,131.582,io,0.9228514118191637,1.0245649948822928,0.518140589569161,0.0033333333333333335,0.0,0.9966666666666667,0.0,0.976023976023976,1.1341013941513085,m5a,0.5818386557858612,22.891007114105168
z1d,m5a,q3,3,195291.56,493920.0,124546.0,618466.0,0.20137856991561393,10.0,913.617,729.5985000000001,mixed,0.7985824475682919,1.0245649948822928,0.518140589569161,0.0,0.0,0.0033333333333333335,0.9966666666666667,1.3711597747436473,1.1265627699822358,m5a,0.5818386557858612,41.07031445690475
z1d,m5a,q4,4,61263.21,169891.0,77503.0,247394.0,0.31327633945714345,5.0,398.5265,315.9345,io,0.7927565670036999,1.0245649948822928,0.518140589569161,0.0,0.0,0.9933333333333333,0.006666666666666667,0.9786670248448432,1.1294958261886539,m5a,0.5818386557858612,42.47700658698956
z1d,m5a,q5,5,83490.24,322193.5,258731.5,580925.0,0.4453777245294581,5.0,1021.2819999999999,698.4615,mixed,0.6839065997442431,1.0245649948822928,0.518140589569161,0.0,0.0,0.0,1.0,1.372481299154081,1.1154537809071423,m5a,0.5818386557858612,63.10030950487723
z1d,m5a,q6,6,168633.05,0.0,105469.0,105469.0,0.9999905186308903,1.0,887.3354999999999,761.749,bandwidth,0.8584678512242552,1.0245649948822928,0.518140589569161,0.9933333333333333,0.0033333333333333335,0.0033333333333333335,0.0,0.9792038231644357,1.1379998604840096,m5a,0.5818386557858612,32.561732959611206
z1d,m5a,q7,7,70658.3,1181936.5,500055.5,1681992.0,0.29729939423053486,4.0,3083.709,3633.729,mixed,1.178363133486331,1.0245649948822928,0.518140589569161,0.0,0.0,0.0,1.0,1.372481299154081,1.12573260020243,m5a,0.5818386557858612,4.466410377944118
z1d,m5a,q8,8,90831.9,266508.5,171400.5,437909.0,0.39140576830855656,2.0,725.1700000000001,520.2660000000001,mixed,0.7174400485403423,1.0245649948822928,0.518140589569161,0.0,0.0,0.0,1.0,1.372481299154081,1.098777074536584,m5a,0.5818386557858612,53.152458769493784
z1d,m5a,q9,9,85841.45,1162313.5,321484.5,1483798.0,0.2166631059867273,175.0,2514.5299999999997,2088.801,mixed,0.8306924156800675,1.0245649948822928,0.518140589569161,0.0,0.0,0.0,1.0,1.372481299154081,1.1447111476073613,m5a,0.5818386557858612,37.802046341089365
c5a,r5n,q1,1,231253.32,926.0,111688.0,112614.0,0.9917684145096124,4.0,3043.2095,7103.264,compute,2.33413572085655,0.6302013422818792,1.1888701517706577,0.006666666666666667,0.9933333333333333,0.0,0.0,0.8461058165091881,1.591942711732743,r5n,0.8009694777454287,31.797337339554826
c5a,r5n,q10,10,160189.8,154977.0,104167.0,259144.0,0.4019641513438422,20.0,530.1745,1038.925,mixed,1.9595906630741389,0.6302013422818792,1.1888701517706577,0.0,0.0,0.0,1.0,1.1552956184770422,1.5955059682939607,r5n,0.8009694777454287,18.579630003391344
c5a,r5n,q11,11,10203.71,62785.0,0.0,62785.0,0.0,1217.0,85.429,102.45349999999999,mixed,1.1992824450713457,0.6302013422818792,1.1888701517706577,0.0,0.0,0.006666666666666667,0.9933333333333333,1.1581722774351542,1.2145374491294347,r5n,0.8009694777454287,1.272010952947908
c5a,r5n,q12,12,210511.91,1780.0,137090.0,138870.0,0.9871751481590829,2.0,717.643,1559.5430000000001,compute,2.1731459792682433,0.6302013422818792,1.1888701517706577,0.0,1.0,0.0,0.0,0.8411347517730496,1.5937159585589349,r5n,0.8009694777454287,26.663189046527748
c5a,r5n,q13,13,142161.33,6288.0,23465.0,29753.0,0.7886334610472542,42.0,833.7245,1625.7675,bandwidth,1.9500056673397506,0.6302013422818792,1.1888701517706577,0.9933333333333333,0.006666666666666667,0.0,0.0,1.5818233974576847,1.4788927564446193,r5n,0.8009694777454287,24.159566240534883
c5a,r5n,q14,14,118586.59,59.0,45765.0,45824.0,0.9986906710310965,1.0,210.6895,422.8055,bandwidth,2.00677062691781,0.6302013422818792,1.1888701517706577,1.0,0.0,0.0,0.0,1.5867944621938233,1.5063427762368278,r5n,0.8009694777454287,24.936973063512852
c5a,r5n,q16,16,40977.39,2576.0,19864.0,22440.0,0.8851655452074328,18141.0,306.8055,560.7415000000001,compute,1.8276774699280165,0.6302013422818792,1.1888701517706577,0.01,0.99,0.0,0.0,0.8485913488772573,1.3127834446649735,r5n,0.8009694777454287,28.172039855769636
c5a,r5n,q17,17,731369.7,232628.0,1904.0,234532.0,0.008118260543292415,1.0,335.7165,362.418,io,1.0795358583805086,0.6302013422818792,1.1888701517706577,0.0,0.0,0.9933333333333333,0.006666666666666667,1.5839178032357113,1.0625542878200598,r5n,0.8009694777454287,1.5730436769302045
c5a,r5n,q18,18,322525.59,103902.5,293293.5,397196.0,0.7384081450766244,9.0,3564.257,7234.161,mixed,2.0296406796704054,0.6302013422818792,1.1888701517706577,0.03666666666666667,0.06666666666666667,0.013333333333333334,0.8833333333333333,1.1559265028826151,1.5506282105644094,r5n,0.8009694777454287,23.600850825663542
c5a,r5n,q19,19,32575.98,17350.0,3216.0,20566.0,0.15636699567267953,1.0,43.73350000000001,73.7775,bandwidth,1.6869790892565195,0.6302013422818792,1.1888701517706577,0.99,0.0,0.006666666666666667,0.0033333333333333335,1.5853561327147674,1.3671970180920072,r5n,0.8009694777454287,18.955900117614718
c5a,r5n,q2,2,120690.45,1361569.5,23867.5,1385437.0,0.01722740389681819,100.0,1534.04,1687.966,mixed,1.1003402779588538,0.6302013422818792,1.1888701517706577,0.0,0.0,0.0,1.0,1.1552956184770422,1.1647721473961046,r5n,0.8009694777454287,5.855631274061217
c5a,r5n,q20,20,164116.85,57908.0,74292.0,132200.0,0.5619624662445821,193.0,693.21,885.5885000000001,io,1.2775183566307469,0.6302013422818792,1.1888701517706577,0.0,0.0,1.0,0.0,1.5867944621938233,1.1726875344640193,r5n,0.8009694777454287,8.205817288074226
c5a,r5n,q21,21,72643.41,771824.5,315764.5,1087589.0,0.2903341332671319,100.0,1585.465,2575.3975,mixed,1.6243799137792383,0.6302013422818792,1.1888701517706577,0.0,0.0,0.0,1.0,1.1552956184770422,1.40755514803065,r5n,0.8009694777454287,13.348156050768296
c5a,r5n,q22,22,13103.26,64494.0,0.0,64494.0,0.0,7.0,93.9025,177.9305,io,1.8948430552967173,0.6302013422818792,1.1888701517706577,0.0033333333333333335,0.0,0.9966666666666667,0.0,1.5867944621938233,1.3462758314178858,r5n,0.8009694777454287,28.95053615893957
c5a,r5n,q3,3,195291.56,493920.0,124546.0,618466.0,0.20137856991561393,10.0,487.4995,1067.1325,mixed,2.188991988709732,0.6302013422818792,1.1888701517706577,0.0,0.0,0.0033333333333333335,0.9966666666666667,1.1567339479560983,1.5798853481435535,r5n,0.8009694777454287,27.825896289607122
c5a,r5n,q4,4,61263.21,169891.0,77503.0,247394.0,0.31327633945714345,5.0,223.132,439.73,io,1.9707168850725132,0.6302013422818792,1.1888701517706577,0.0,0.0,0.9933333333333333,0.006666666666666667,1.5839178032357113,1.523762525734104,r5n,0.8009694777454287,22.679785347349032
c5a,r5n,q5,5,83490.24,322157.5,258767.5,580925.0,0.4454396945566217,5.0,468.384,1107.366,mixed,2.364226788276286,0.6302013422818792,1.1888701517706577,0.0,0.0,0.0,1.0,1.1552956184770422,1.60410255695657,r5n,0.8009694777454287,32.151070916251165
c5a,r5n,q6,6,168633.05,0.0,105469.0,105469.0,0.9999905186308903,1.0,506.22450000000003,1067.0695,bandwidth,2.10789778053018,0.6302013422818792,1.1888701517706577,0.9933333333333333,0.0033333333333333335,0.0033333333333333335,0.0,1.584308929825754,1.5555686499603312,r5n,0.8009694777454287,26.202842266427485
c5a,r5n,q7,7,70658.3,1181932.5,500059.5,1681992.0,0.2973017723617161,4.0,2502.548,3602.5985,mixed,1.439572188025964,0.6302013422818792,1.1888701517706577,0.0,0.0,0.0,1.0,1.1552956184770422,1.3512823768111597,r5n,0.8009694777454287,6.133058970517697
c5a,r5n,q8,8,90831.9,266495.5,171413.5,437909.0,0.391435454773812,2.0,353.51800000000003,821.899,mixed,2.3249141486430673,0.6302013422818792,1.1888701517706577,0.0,0.0,0.0,1.0,1.1552956184770422,1.5910693694492957,r5n,0.8009694777454287,31.564381834145532
c5a,r5n,q9,9,85841.45,1162326.5,321471.5,1483798.0,0.21665434469223932,175.0,1402.29,3018.959,mixed,2.1528777927532823,0.6302013422818792,1.1888701517706577,0.0,0.0,0.0,1.0,1.1552956184770422,1.5779747057147209,r5n,0.8009694777454287,26.703935029369536
c7i,r5n,q1,1,231253.32,926.0,111688.0,112614.0,0.9917684145096124,4.0,4861.035,7103.264,compute,1.4612657592467448,1.1125592417061612,0.8736059479553903,0.006666666666666667,0.9933333333333333,0.0,0.0,1.1430418356634113,0.9368253802153801,r5n,0.8009694777454287,35.88945923852373
c7i,r5n,q10,10,160189.8,156505.0,102639.0,259144.0,0.3960678384688109,20.0,844.875,1038.925,mixed,1.2296789465897322,1.1125592417061612,0.8736059479553903,0.0,0.0,0.0,1.0,1.014333189476495,0.9470868347270067,r5n,0.8009694777454287,22.980966913879268
c7i,r5n,q11,11,10203.71,62785.0,0.0,62785.0,0.0,1217.0,102.75450000000001,102.45349999999999,mixed,0.9970706879017462,1.1125592417061612,0.8736059479553903,0.0,0.0,0.006666666666666667,0.9933333333333333,1.013563158486659,0.9781576685626837,r5n,0.8009694777454287,1.8968584242370454
c7i,r5n,q12,12,210511.91,1733.0,137137.0,138870.0,0.9875135917506175,2.0,1038.817,1559.5430000000001,compute,1.501268269579724,1.1125592417061612,0.8736059479553903,0.0,1.0,0.0,0.0,1.1446808510638298,0.9486583975324978,r5n,0.8009694777454287,36.80953519399486
c7i,r5n,q13,13,142161.33,6290.0,23463.0,29753.0,0.7885662431941923,42.0,1499.6860000000001,1625.7675,bandwidth,1.0840719323911805,1.1125592417061612,0.8736059479553903,0.9933333333333333,0.006666666666666667,0.0,0.0,0.9004675564014832,0.9372781800248742,r5n,0.8009694777454287,13.540960519337265
c7i,r5n,q14,14,118586.59,59.0,45765.0,45824.0,0.9986906710310965,1.0,340.724,422.8055,bandwidth,1.2409031943743323,1.1125592417061612,0.8736059479553903,1.0,0.0,0.0,0.0,0.8988285410010649,1.022865798229765,r5n,0.8009694777454287,17.57086266946894
c7i,r5n,q16,16,40977.39,2577.0,19863.0,22440.0,0.8851209839133728,18141.0,396.59749999999997,560.7415000000001,compute,1.4138805716122773,1.1125592417061612,0.8736059479553903,0.01,0.99,0.0,0.0,1.1422223279632022,0.9707905709517833,r5n,0.8009694777454287,31.33857339557536
c7i,r5n,q17,17,731369.7,232628.0,1904.0,234532.0,0.008118260543292415,1.0,278.3045,362.418,io,1.3022355010429223,1.1125592417061612,0.8736059479553903,0.0,0.0,0.9933333333333333,0.006666666666666667,0.899598571990901,1.05308631893548,r5n,0.8009694777454287,19.132421279246802
c7i,r5n,q18,18,322525.59,245407.0,151789.0,397196.0,0.382150419061574,9.0,5414.1975,7234.161,mixed,1.3361464926242532,1.1125592417061612,0.8736059479553903,0.0,0.0,0.0033333333333333335,0.9966666666666667,1.0139481739815772,0.9393133223713048,r5n,0.8009694777454287,29.69982501496148
c7i,r5n,q19,19,32575.98,17350.0,3216.0,20566.0,0.15636699567267953,1.0,53.158,73.7775,bandwidth,1.38789081605779,1.1125592417061612,0.8736059479553903,0.99,0.0,0.006666666666666667,0.0033333333333333335,0.899213556495983,1.0352077857637285,r5n,0.8009694777454287,25.41143915742838
c7i,r5n,q2,2,120690.45,1361572.0,23865.0,1385437.0,0.017225599413326326,100.0,1391.7885,1687.966,mixed,1.2128035258230685,1.1125592417061612,0.8736059479553903,0.0,0.0,0.0,1.0,1.014333189476495,0.9744963205285184,r5n,0.8009694777454287,19.64928368202286
c7i,r5n,q20,20,164116.85,57909.5,74290.5,132200.0,0.5619511198856287,193.0,746.219,885.5885000000001,io,1.186767557513277,1.1125592417061612,0.8736059479553903,0.0,0.0,1.0,0.0,0.8988285410010649,1.031983160730547,r5n,0.8009694777454287,13.042520062400541
c7i,r5n,q21,21,72643.41,772253.5,315335.5,1087589.0,0.2899396831526586,100.0,2077.2865,2575.3975,mixed,1.2397892635416443,1.1125592417061612,0.8736059479553903,0.0,0.0,0.0,1.0,1.014333189476495,0.9667604669493599,r5n,0.8009694777454287,22.022193982575445
c7i,r5n,q22,22,13103.26,64494.0,0.0,64494.0,0.0,7.0,122.9015,177.9305,io,1.4477488069714364,1.1125592417061612,0.8736059479553903,0.0033333333333333335,0.0,0.9966666666666667,0.0,0.8988285410010649,1.0365078997009247,r5n,0.8009694777454287,28.40554281863244
c7i,r5n,q3,3,195291.56,493920.0,124546.0,618466.0,0.20137856991561393,10.0,855.2255,1067.1325,mixed,1.2477790945195155,1.1125592417061612,0.8736059479553903,0.0,0.0,0.0033333333333333335,0.9966666666666667,1.0139481739815772,0.9559089707172155,r5n,0.8009694777454287,23.391169565530426
c7i,r5n,q4,4,61263.21,169891.0,77503.0,247394.0,0.31327633945714345,5.0,337.77099999999996,439.73,io,1.301858359657875,1.1125592417061612,0.8736059479553903,0.0,0.0,0.9933333333333333,0.006666666666666667,0.899598571990901,1.0117980471389711,r5n,0.8009694777454287,22.280481618225423
c7i,r5n,q5,5,83490.24,322170.5,258754.5,580925.0,0.44541731649125704,5.0,1009.4685,1107.366,mixed,1.0969792519528843,1.1125592417061612,0.8736059479553903,0.0,0.0,0.0,1.0,1.014333189476495,0.9414887897534246,r5n,0.8009694777454287,14.174421432552126
c7i,r5n,q6,6,168633.05,0.0,105469.0,105469.0,0.9999905186308903,1.0,747.0885000000001,1067.0695,bandwidth,1.4283040094982054,1.1125592417061612,0.8736059479553903,0.9933333333333333,0.0033333333333333335,0.0033333333333333335,0.0,0.899648048701274,1.0054194895239092,r5n,0.8009694777454287,29.60745871762026
c7i,r5n,q7,7,70658.3,1181931.0,500061.0,1681992.0,0.2973026641609091,4.0,2735.3864999999996,3602.5985,mixed,1.317034539725922,1.1125592417061612,0.8736059479553903,0.0,0.0,0.0,1.0,1.014333189476495,0.9795773903515104,r5n,0.8009694777454287,25.622498058755333
c7i,r5n,q8,8,90831.9,266506.0,171403.0,437909.0,0.39141147724418257,2.0,736.44,821.899,mixed,1.1160433979686057,1.1125592417061612,0.8736059479553903,0.0,0.0,0.0,1.0,1.014333189476495,0.9414887897534246,r5n,0.8009694777454287,15.640485713449944
c7i,r5n,q9,9,85841.45,1162312.0,321486.0,1483798.0,0.21666411690532209,175.0,2479.5135,3018.959,mixed,1.2175610255802196,1.1125592417061612,0.8736059479553903,0.0,0.0,0.0,1.0,1.014333189476495,0.9281143805522178,r5n,0.8009694777454287,23.772660174472005
m5a,r5n,q1,1,231253.32,926.0,111688.0,112614.0,0.9917684145096124,4.0,4400.6265,7103.264,compute,1.614148349104383,0.9380619380619382,1.5426695842450764,0.006666666666666667,0.9933333333333333,0.0,0.0,0.6510122886124519,1.1019500857630091,r5n,0.8009694777454287,31.731796128005783
m5a,r5n,q10,10,160189.8,154505.0,104639.0,259144.0,0.4037855254780142,20.0,780.1095,1038.925,mixed,1.3317681684430198,0.9380619380619382,1.5426695842450764,0.0,0.0,0.0,1.0,0.8312808658053319,1.107771728088303,r5n,0.8009694777454287,16.819476967721243
m5a,r5n,q11,11,10203.71,62785.0,0.0,62785.0,0.0,1217.0,133.003,102.45349999999999,mixed,0.7703096922625805,0.9380619380619382,1.5426695842450764,0.0,0.0,0.006666666666666667,0.9933333333333333,0.8328458446268355,1.0065681784451388,r5n,0.8009694777454287,30.670584643510278
m5a,r5n,q12,12,210511.91,1747.0,137123.0,138870.0,0.987412778765905,2.0,1108.8780000000002,1559.5430000000001,compute,1.4064153134970663,0.9380619380619382,1.5426695842450764,0.0,1.0,0.0,0.0,0.64822695035461,1.1023838546261246,r5n,0.8009694777454287,21.61747358360058
m5a,r5n,q13,13,142161.33,6267.0,23486.0,29753.0,0.7893392485044027,42.0,1283.8784999999998,1625.7675,bandwidth,1.2662938899592135,0.9380619380619382,1.5426695842450764,0.9933333333333333,0.006666666666666667,0.0,0.0,1.063242350773042,0.9517493812384831,r5n,0.8009694777454287,24.8397714949775
m5a,r5n,q14,14,118586.59,59.0,45765.0,45824.0,0.9986906710310965,1.0,301.421,422.8055,bandwidth,1.402707508766808,0.9380619380619382,1.5426695842450764,1.0,0.0,0.0,0.0,1.0660276890308837,0.9883229768866473,r5n,0.8009694777454287,29.541763289231078
m5a,r5n,q16,16,40977.39,2576.0,19864.0,22440.0,0.8851655452074328,18141.0,434.2285,560.7415000000001,compute,1.2913512125528381,0.9380619380619382,1.5426695842450764,0.01,0.99,0.0,0.0,0.6524049577413726,1.012835045607541,r5n,0.8009694777454287,21.56780930221964
m5a,r5n,q17,17,731369.7,232628.0,1904.0,234532.0,0.008118260543292415,1.0,540.1505,362.418,io,0.6709574461191835,0.9380619380619382,1.5426695842450764,0.0,0.0,0.9933333333333333,0.006666666666666667,1.06446271020938,0.898407378311656,r5n,0.8009694777454287,33.89930814659594
m5a,r5n,q18,18,322525.59,152235.5,244960.5,397196.0,0.6167229359738367,9.0,4948.0075,7234.161,mixed,1.4620351727437761,0.9380619380619382,1.5426695842450764,0.0,0.0,0.01,0.99,0.8336283340375874,1.1139900599663657,r5n,0.8009694777454287,23.80552255280153
m5a,r5n,q19,19,32575.98,17350.0,3216.0,20566.0,0.15636699567267953,1.0,61.980000000000004,73.7775,bandwidth,1.1903436592449177,0.9380619380619382,1.5426695842450764,0.99,0.0,0.006666666666666667,0.0033333333333333335,1.065245199620132,0.9660150227227708,r5n,0.8009694777454287,18.845703489061925
m5a,r5n,q2,2,120690.45,1361570.5,23866.5,1385437.0,0.017226682103421445,100.0,2480.223,1687.966,mixed,0.6805702551746354,0.9380619380619382,1.5426695842450764,0.0,0.0,0.0,1.0,0.8312808658053319,0.7842375088922328,r5n,0.8009694777454287,15.232410310232577
m5a,r5n,q20,20,164116.85,57906.0,74294.0,132200.0,0.5619775947231866,193.0,1043.5055,885.5885000000001,io,0.8486668254264114,0.9380619380619382,1.5426695842450764,0.0,0.0,1.0,0.0,1.0660276890308837,0.8266017054711893,r5n,0.8009694777454287,2.5999743708769936
m5a,r5n,q21,21,72643.41,771775.5,315813.5,1087589.0,0.2903791870098107,100.0,2269.7135,2575.3975,mixed,1.1346795531682745,0.9380619380619382,1.5426695842450764,0.0,0.0,0.0,1.0,0.8312808658053319,1.0554440070731752,r5n,0.8009694777454287,6.983076928975786
m5a,r5n,q22,22,13103.26,64494.0,0.0,64494.0,0.0,7.0,131.582,177.9305,io,1.35224042802207,0.9380619380619382,1.5426695842450764,0.0033333333333333335,0.0,0.9966666666666667,0.0,1.0660276890308837,0.9539617524258074,r5n,0.8009694777454287,29.453244211817204
m5a,r5n,q3,3,195291.56,493920.0,124546.0,618466.0,0.20137856991561393,10.0,729.5985000000001,1067.1325,mixed,1.4626297888496205,0.9380619380619382,1.5426695842450764,0.0,0.0,0.0033333333333333335,0.9966666666666667,0.8320633552160838,1.1069985484783,r5n,0.8009694777454287,24.314508229114463
m5a,r5n,q4,4,61263.21,169891.0,77503.0,247394.0,0.31327633945714345,5.0,315.9345,439.73,io,1.3918391312123242,0.9380619380619382,1.5426695842450764,0.0,0.0,0.9933333333333333,0.006666666666666667,1.06446271020938,1.011593517180862,r5n,0.8009694777454287,27.319652501813145
m5a,r5n,q5,5,83490.24,322143.5,258781.5,580925.0,0.4454637940116297,5.0,698.4615,1107.366,mixed,1.5854359903874444,0.9380619380619382,1.5426695842450764,0.0,0.0,0.0,1.0,0.8312808658053319,1.1056168374997202,r5n,0.8009694777454287,30.26417690760681
m5a,r5n,q6,6,168633.05,0.0,105469.0,105469.0,0.9999905186308903,1.0,761.749,1067.0695,bandwidth,1.4008150978865743,0.9380619380619382,1.5426695842450764,0.9933333333333333,0.0033333333333333335,0.0033333333333333335,0.0,1.0646350199019627,1.021237072444153,r5n,0.8009694777454287,27.096939918415707
m5a,r5n,q7,7,70658.3,1181928.0,500064.0,1681992.0,0.2973044477592951,4.0,3633.729,3602.5985,mixed,0.9914329054258036,0.9380619380619382,1.5426695842450764,0.0,0.0,0.0,1.0,0.8312808658053319,0.8565431804945266,r5n,0.8009694777454287,13.605532375722811
m5a,r5n,q8,8,90831.9,266512.0,171397.0,437909.0,0.39139777579868007,2.0,520.2660000000001,821.899,mixed,1.5797668884762792,0.9380619380619382,1.5426695842450764,0.0,0.0,0.0,1.0,0.8312808658053319,1.1115585952480453,r5n,0.8009694777454287,29.63780901116565
m5a,r5n,q9,9,85841.45,1162311.0,321487.0,1483798.0,0.21666479085105192,175.0,2088.801,3018.959,mixed,1.4453071403163824,0.9380619380619382,1.5426695842450764,0.0,0.0,0.0,1.0,0.8312808658053319,1.0927901013646628,r5n,0.8009694777454287,24.390458548108498
r5n,c5a,q1,1,231253.32,926.0,111688.0,112614.0,0.9917684145096124,4.0,7103.264,3043.2095,compute,0.4284241019339841,1.5867944621938233,0.8411347517730496,0.006666666666666667,0.9933333333333333,0.0,0.0,1.1851456930407325,0.611702297371529,r5n,1.0,42.779618282490155
r5n,c5a,q10,10,160189.8,156191.0,102952.0,259143.0,0.3972771895162535,20.0,1038.925,530.1745,mixed,0.5103106576509373,1.5867944621938233,0.8411347517730496,0.0,0.0,0.0,1.0,0.8655793236005178,0.6189104806652174,r5n,1.0,21.28111991902872
r5n,c5a,q11,11,10203.71,62785.0,0.0,62785.0,0.0,1217.0,102.45349999999999,85.429,mixed,0.8338319335113004,1.5867944621938233,0.8411347517730496,0.0,0.0,0.006666666666666667,0.9933333333333333,0.8640101370583935,0.8360604174894425,r5n,1.0,0.26725817141086083
r5n,c5a,q12,12,210511.91,1684.0,137186.0,138870.0,0.987866437197111,2.0,1559.5430000000001,717.643,compute,0.4601623680783409,1.5867944621938233,0.8411347517730496,0.0,1.0,0.0,0.0,1.1888701517706577,0.619498753329051,r5n,1.0,34.626122495871655
r5n,c5a,q13,13,142161.33,6292.0,23461.0,29753.0,0.7884990253411306,42.0,1625.7675,833.7245,bandwidth,0.5128190224001895,1.5867944621938233,0.8411347517730496,0.9933333333333333,0.006666666666666667,0.0,0.0,0.6339258010118044,0.5853317165932346,r5n,1.0,14.14001646305121
r5n,c5a,q14,14,118586.59,59.0,45765.0,45824.0,0.9986906710310965,1.0,422.8055,210.6895,bandwidth,0.49831305411116933,1.5867944621938233,0.8411347517730496,1.0,0.0,0.0,0.0,0.6302013422818792,0.6526293569017959,r5n,1.0,30.967742369478437
r5n,c5a,q16,16,40977.39,2577.0,19863.0,22440.0,0.8851209839133728,18141.0,560.7415000000001,306.8055,compute,0.5471424890078582,1.5867944621938233,0.8411347517730496,0.01,0.99,0.0,0.0,1.18328346367577,0.7656754953196641,r5n,1.0,39.94078520717246
r5n,c5a,q17,17,731369.7,232628.0,1904.0,234532.0,0.008118260543292415,1.0,362.418,335.7165,io,0.9263240236412098,1.5867944621938233,0.8411347517730496,0.0,0.0,0.9933333333333333,0.006666666666666667,0.6317705288240034,0.8407485277538718,r5n,1.0,9.238181640907515
r5n,c5a,q18,18,322525.59,245400.0,151796.0,397196.0,0.3821680425582268,9.0,7234.161,3564.257,mixed,0.4926980474999105,1.5867944621938233,0.8411347517730496,0.0,0.0,0.0033333333333333335,0.9966666666666667,0.8647947303294558,0.6425731624984957,r5n,1.0,30.419263027140875
r5n,c5a,q19,19,32575.98,17350.0,3216.0,20566.0,0.15636699567267953,1.0,73.7775,43.73350000000001,bandwidth,0.5927755752092441,1.5867944621938233,0.8411347517730496,0.99,0.0,0.006666666666666667,0.0033333333333333335,0.6309859355529414,0.7187401295260429,r5n,1.0,21.249956911995675
r5n,c5a,q2,2,120690.45,1361559.0,23878.0,1385437.0,0.017234982727484017,100.0,1687.966,1534.04,mixed,0.9088097746044648,1.5867944621938233,0.8411347517730496,0.0,0.0,0.0,1.0,0.8655793236005178,0.9182918712663435,r5n,1.0,1.0433532876564344
r5n,c5a,q20,20,164116.85,57909.0,74291.0,132200.0,0.5619549020052799,193.0,885.5885000000001,693.21,io,0.7827676172398355,1.5867944621938233,0.8411347517730496,0.0,0.0,1.0,0.0,0.6302013422818792,0.9097992471754434,r5n,1.0,16.2285239115463
r5n,c5a,q21,21,72643.41,772134.0,315455.0,1087589.0,0.29004955911694663,100.0,2575.3975,1585.465,mixed,0.6156195305773186,1.5867944621938233,0.8411347517730496,0.0,0.0,0.0,1.0,0.8655793236005178,0.7157466344456859,r5n,1.0,16.264445634866338
r5n,c5a,q22,22,13103.26,64494.0,0.0,64494.0,0.0,7.0,177.9305,93.9025,io,0.5277481938172489,1.5867944621938233,0.8411347517730496,0.0033333333333333335,0.0,0.9966666666666667,0.0,0.6302013422818792,0.7483179485553114,r5n,1.0,41.7945067973918
r5n,c5a,q3,3,195291.56,493920.0,124546.0,618466.0,0.20137856991561393,10.0,1067.1325,487.4995,mixed,0.45683127446685395,1.5867944621938233,0.8411347517730496,0.0,0.0,0.0033333333333333335,0.9966666666666667,0.8647947303294558,0.6313052424686505,r5n,1.0,38.192211819433076
r5n,c5a,q4,4,61263.21,169891.0,77503.0,247394.0,0.31327633945714345,5.0,439.73,223.132,io,0.5074295590475973,1.5867944621938233,0.8411347517730496,0.0,0.0,0.9933333333333333,0.006666666666666667,0.6317705288240034,0.6414949065473528,r5n,1.0,26.420484402088203
r5n,c5a,q5,5,83490.24,322186.0,258739.0,580925.0,0.4453906349517839,5.0,1107.366,468.384,mixed,0.42297126695238974,1.5867944621938233,0.8411347517730496,0.0,0.0,0.0,1.0,0.8655793236005178,0.6116666908894413,r5n,1.0,44.61187760971275
r5n,c5a,q6,6,168633.05,0.0,105469.0,105469.0,0.9999905186308903,1.0,1067.0695,506.22450000000003,bandwidth,0.4744063062434078,1.5867944621938233,0.8411347517730496,0.9933333333333333,0.0033333333333333335,0.0033333333333333335,0.0,0.6320635716468418,0.6091703312763926,r5n,1.0,28.40687892623423
r5n,c5a,q7,7,70658.3,1181933.0,500059.0,1681992.0,0.29730147509531846,4.0,3602.5985,2502.548,mixed,0.6946508194016069,1.5867944621938233,0.8411347517730496,0.0,0.0,0.0,1.0,0.8655793236005178,0.804359451297949,r5n,1.0,15.793349526435222
r5n,c5a,q8,8,90831.9,266514.5,171394.5,437909.0,0.39139206686305406,2.0,821.899,353.51800000000003,mixed,0.4301234093240167,1.5867944621938233,0.8411347517730496,0.0,0.0,0.0,1.0,0.8655793236005178,0.6202297001008605,r5n,1.0,44.198080517313734
r5n,c5a,q9,9,85841.45,1162328.5,321469.5,1483798.0,0.21665299680077962,175.0,3018.959,1402.29,mixed,0.4644945492800664,1.5867944621938233,0.8411347517730496,0.0,0.0,0.0,1.0,0.8655793236005178,0.6240731802964035,r5n,1.0,34.35532909130422
r5n,c7i,q1,1,231253.32,926.0,111688.0,112614.0,0.9917684145096124,4.0,7103.264,4861.035,compute,0.684338214094253,0.8988285410010649,1.14468085106383,0.006666666666666667,0.9933333333333333,0.0,0.0,0.8751989699137286,1.0635335473455605,r5n,1.0,55.41051565462942
r5n,c7i,q10,10,160189.8,156191.0,102952.0,259143.0,0.3972771895162535,20.0,1038.925,844.875,mixed,0.8132203960824892,0.8988285410010649,1.14468085106383,0.0,0.0,0.0,1.0,0.9858693478383639,0.9957327923456442,r5n,1.0,22.443165117644416
r5n,c7i,q11,11,10203.71,62785.0,0.0,62785.0,0.0,1217.0,102.45349999999999,102.75450000000001,mixed,1.0029379181775149,0.8988285410010649,1.14468085106383,0.0,0.0,0.006666666666666667,0.9933333333333333,0.9867139471308158,0.9407832006874719,r5n,1.0,6.197264692413585
r5n,c7i,q12,12,210511.91,1684.0,137186.0,138870.0,0.987866437197111,2.0,1559.5430000000001,1038.817,compute,0.6661034674901557,0.8988285410010649,1.14468085106383,0.0,1.0,0.0,0.0,0.8736059479553901,1.0577076538528707,r5n,1.0,58.790293922092886
r5n,c7i,q13,13,142161.33,6292.0,23461.0,29753.0,0.7884990253411306,42.0,1625.7675,1499.6860000000001,bandwidth,0.9224480130153914,0.8988285410010649,1.14468085106383,0.9933333333333333,0.006666666666666667,0.0,0.0,1.1109662197478227,0.8592766710731444,r5n,1.0,6.848227873107566
r5n,c7i,q14,14,118586.59,59.0,45765.0,45824.0,0.9986906710310965,1.0,422.8055,340.724,bandwidth,0.8058646351573004,0.8988285410010649,1.14468085106383,1.0,0.0,0.0,0.0,1.1125592417061612,0.9848645884830595,r5n,1.0,22.212161387479075
r5n,c7i,q16,16,40977.39,2577.0,19863.0,22440.0,0.8851209839133728,18141.0,560.7415000000001,396.59749999999997,compute,0.7072733157791957,0.8988285410010649,1.14468085106383,0.01,0.99,0.0,0.0,0.8759954808928978,0.9961403839070381,r5n,1.0,40.84235354045564
r5n,c7i,q17,17,731369.7,232628.0,1904.0,234532.0,0.008118260543292415,1.0,362.418,278.3045,io,0.7679102583205029,0.8988285410010649,1.14468085106383,0.0,0.0,0.9933333333333333,0.006666666666666667,1.1117146424137092,0.9303514047688085,r5n,1.0,21.153662773509605
r5n,c7i,q18,18,322525.59,245400.0,151796.0,397196.0,0.3821680425582268,9.0,7234.161,5414.1975,mixed,0.7484209295314274,0.8988285410010649,1.14468085106383,0.0,0.0,0.0033333333333333335,0.9966666666666667,0.98629164748459,0.9849499162796859,r5n,1.0,31.60373760476541
r5n,c7i,q19,19,32575.98,17350.0,3216.0,20566.0,0.15636699567267953,1.0,73.7775,53.158,bandwidth,0.720517773033784,0.8988285410010649,1.14468085106383,0.99,0.0,0.006666666666666667,0.0033333333333333335,1.1121369420599352,0.9641438840499224,r5n,1.0,33.81264420311741
r5n,c7i,q2,2,120690.45,1361559.0,23878.0,1385437.0,0.017234982727484017,100.0,1687.966,1391.7885,mixed,0.8245358615043196,0.8988285410010649,1.14468085106383,0.0,0.0,0.0,1.0,0.9858693478383639,0.9768402578236172,r5n,1.0,18.47153088543981
r5n,c7i,q20,20,164116.85,57909.0,74291.0,132200.0,0.5619549020052799,193.0,885.5885000000001,746.219,io,0.8426249889197974,0.8988285410010649,1.14468085106383,0.0,0.0,1.0,0.0,1.1125592417061612,0.9731442780287679,r5n,1.0,15.489605794422214
r5n,c7i,q21,21,72643.41,772134.0,315455.0,1087589.0,0.29004955911694663,100.0,2575.3975,2077.2865,mixed,0.8065886916485708,0.8988285410010649,1.14468085106383,0.0,0.0,0.0,1.0,0.9858693478383639,0.9782304574828306,r5n,1.0,21.27996184566442
r5n,c7i,q22,22,13103.26,64494.0,0.0,64494.0,0.0,7.0,177.9305,122.9015,io,0.6907275593560407,0.8988285410010649,1.14468085106383,0.0033333333333333335,0.0,0.9966666666666667,0.0,1.1125592417061612,0.973429285688577,r5n,1.0,40.9281087026695
r5n,c7i,q3,3,195291.56,493920.0,124546.0,618466.0,0.20137856991561393,10.0,1067.1325,855.2255,mixed,0.8014239094020659,0.8988285410010649,1.14468085106383,0.0,0.0,0.0033333333333333335,0.9966666666666667,0.98629164748459,1.0007210430768967,r5n,1.0,24.867879699711523
r5n,c7i,q4,4,61263.21,169891.0,77503.0,247394.0,0.31327633945714345,5.0,439.73,337.77099999999996,io,0.768132717804107,0.8988285410010649,1.14468085106383,0.0,0.0,0.9933333333333333,0.006666666666666667,1.1117146424137092,1.0031011246743864,r5n,1.0,30.589558473956615
r5n,c7i,q5,5,83490.24,322186.0,258739.0,580925.0,0.4453906349517839,5.0,1107.366,1009.4685,mixed,0.9115942696452664,0.8988285410010649,1.14468085106383,0.0,0.0,0.0,1.0,0.9858693478383639,0.9948599245966352,r5n,1.0,9.134069588191956
r5n,c7i,q6,6,168633.05,0.0,105469.0,105469.0,0.9999905186308903,1.0,1067.0695,747.0885000000001,bandwidth,0.7001310598794175,0.8988285410010649,1.14468085106383,0.9933333333333333,0.0033333333333333335,0.0033333333333333335,0.0,1.111762730726992,0.9957455742068752,r5n,1.0,42.222739607977246
r5n,c7i,q7,7,70658.3,1181933.0,500059.0,1681992.0,0.29730147509531846,4.0,3602.5985,2735.3864999999996,mixed,0.7592815297069601,0.8988285410010649,1.14468085106383,0.0,0.0,0.0,1.0,0.9858693478383639,1.0049733081689016,r5n,1.0,32.358455836106636
r5n,c7i,q8,8,90831.9,266514.5,171394.5,437909.0,0.39139206686305406,2.0,821.899,736.44,mixed,0.8960225039816329,0.8988285410010649,1.14468085106383,0.0,0.0,0.0,1.0,0.9858693478383639,1.0034229338080558,r5n,1.0,11.986354064676984
r5n,c7i,q9,9,85841.45,1162328.5,321469.5,1483798.0,0.21665299680077962,175.0,3018.959,2479.5135,mixed,0.8213140688561853,0.8988285410010649,1.14468085106383,0.0,0.0,0.0,1.0,0.9858693478383639,1.0087280294466674,r5n,1.0,22.81879340645982
r5n,m5a,q1,1,231253.32,926.0,111688.0,112614.0,0.9917684145096124,4.0,7103.264,4400.6265,compute,0.6195217438067908,1.0660276890308837,0.64822695035461,0.006666666666666667,0.9933333333333333,0.0,0.0,1.5386388666038553,0.8130826287119084,r5n,1.0,31.243598282077905
r5n,m5a,q10,10,160189.8,156191.0,102952.0,259143.0,0.3972771895162535,20.0,1038.925,780.1095,mixed,0.7508814399499483,1.0660276890308837,0.64822695035461,0.0,0.0,0.0,1.0,1.2029628506259622,0.8964972426521945,r5n,1.0,19.392649086113067
r5n,m5a,q11,11,10203.71,62785.0,0.0,62785.0,0.0,1217.0,102.45349999999999,133.003,mixed,1.2981791739667263,1.0660276890308837,0.64822695035461,0.0,0.0,0.006666666666666667,0.9933333333333333,1.2011968445422019,1.0191058549119656,r5n,1.0,21.497288251976972
r5n,m5a,q12,12,210511.91,1684.0,137186.0,138870.0,0.987866437197111,2.0,1559.5430000000001,1108.8780000000002,compute,0.7110275253712146,1.0660276890308837,0.64822695035461,0.0,1.0,0.0,0.0,1.5426695842450764,0.9120450545478,r5n,1.0,28.271413131529304
r5n,m5a,q13,13,142161.33,6292.0,23461.0,29753.0,0.7884990253411306,42.0,1625.7675,1283.8784999999998,bandwidth,0.7897060926608509,1.0660276890308837,0.64822695035461,0.9933333333333333,0.006666666666666667,0.0,0.0,0.9420926557031591,0.9513306562320467,r5n,1.0,20.466419731752975
r5n,m5a,q14,14,118586.59,59.0,45765.0,45824.0,0.9986906710310965,1.0,422.8055,301.421,bandwidth,0.712906998608107,1.0660276890308837,0.64822695035461,1.0,0.0,0.0,0.0,0.9380619380619383,0.9896437879486468,r5n,1.0,38.81807723599935
r5n,m5a,q16,16,40977.39,2577.0,19863.0,22440.0,0.8851209839133728,18141.0,560.7415000000001,434.2285,compute,0.7743826700895152,1.0660276890308837,0.64822695035461,0.01,0.99,0.0,0.0,1.536623507783245,0.9870304107676648,r5n,1.0,27.460291777135005
r5n,m5a,q17,17,731369.7,232628.0,1904.0,234532.0,0.008118260543292415,1.0,362.418,540.1505,io,1.4904074852794287,1.0660276890308837,0.64822695035461,0.0,0.0,0.9933333333333333,0.006666666666666667,0.9398279441456984,1.127250153480671,r5n,1.0,24.366311588315142
r5n,m5a,q18,18,322525.59,245400.0,151796.0,397196.0,0.3821680425582268,9.0,7234.161,4948.0075,mixed,0.6839780729237295,1.0660276890308837,0.64822695035461,0.0,0.0,0.0033333333333333335,0.9966666666666667,1.2020798475840822,0.8859178822467711,r5n,1.0,29.524310400745847
r5n,m5a,q19,19,32575.98,17350.0,3216.0,20566.0,0.15636699567267953,1.0,73.7775,61.980000000000004,bandwidth,0.8400935244485107,1.0660276890308837,0.64822695035461,0.99,0.0,0.006666666666666667,0.0033333333333333335,0.9389449411038184,1.0734592532627503,r5n,1.0,27.778541557909907
r5n,m5a,q2,2,120690.45,1361559.0,23878.0,1385437.0,0.017234982727484017,100.0,1687.966,2480.223,mixed,1.4693560178344824,1.0660276890308837,0.64822695035461,0.0,0.0,0.0,1.0,1.2029628506259622,1.0654495052067001,r5n,1.0,27.488675836578697
r5n,m5a,q20,20,164116.85,57909.0,74291.0,132200.0,0.5619549020052799,193.0,885.5885000000001,1043.5055,io,1.178318711229877,1.0660276890308837,0.64822695035461,0.0,0.0,1.0,0.0,0.9380619380619383,1.086121592960572,r5n,1.0,7.824463567507436
r5n,m5a,q21,21,72643.41,772134.0,315455.0,1087589.0,0.29004955911694663,100.0,2575.3975,2269.7135,mixed,0.8813060896424726,1.0660276890308837,0.64822695035461,0.0,0.0,0.0,1.0,1.2029628506259622,0.948786591744739,r5n,1.0,7.656874597297046
r5n,m5a,q22,22,13103.26,64494.0,0.0,64494.0,0.0,7.0,177.9305,131.582,io,0.7395134617167939,1.0660276890308837,0.64822695035461,0.0033333333333333335,0.0,0.9966666666666667,0.0,0.9380619380619383,1.0721347819538165,r5n,1.0,44.97839964465775
r5n,m5a,q3,3,195291.56,493920.0,124546.0,618466.0,0.20137856991561393,10.0,1067.1325,729.5985000000001,mixed,0.683700009136635,1.0660276890308837,0.64822695035461,0.0,0.0,0.0033333333333333335,0.9966666666666667,1.2020798475840822,0.9076443249899829,r5n,1.0,32.754762741065505
r5n,m5a,q4,4,61263.21,169891.0,77503.0,247394.0,0.31327633945714345,5.0,439.73,315.9345,io,0.718473836217679,1.0660276890308837,0.64822695035461,0.0,0.0,0.9933333333333333,0.006666666666666667,0.9398279441456984,0.9902898704803663,r5n,1.0,37.8324192977758
r5n,m5a,q5,5,83490.24,322186.0,258739.0,580925.0,0.4453906349517839,5.0,1107.366,698.4615,mixed,0.6307413267158284,1.0660276890308837,0.64822695035461,0.0,0.0,0.0,1.0,1.2029628506259622,0.8930206283656572,r5n,1.0,41.58270443693236
r5n,m5a,q6,6,168633.05,0.0,105469.0,105469.0,0.9999905186308903,1.0,1067.0695,761.749,bandwidth,0.7138700899988238,1.0660276890308837,0.64822695035461,0.9933333333333333,0.0033333333333333335,0.0033333333333333335,0.0,0.9400772968825486,0.9788643050902365,r5n,1.0,37.120789735265305
r5n,m5a,q7,7,70658.3,1181933.0,500059.0,1681992.0,0.29730147509531846,4.0,3602.5985,3633.729,mixed,1.0086411238998738,1.0660276890308837,0.64822695035461,0.0,0.0,0.0,1.0,1.2029628506259622,0.999317167009957,r5n,1.0,0.9244077669435182
r5n,m5a,q8,8,90831.9,266514.5,171394.5,437909.0,0.39139206686305406,2.0,821.899,520.2660000000001,mixed,0.6330047852595028,1.0660276890308837,0.64822695035461,0.0,0.0,0.0,1.0,1.2029628506259622,0.9015836375770765,r5n,1.0,42.42919778362636
r5n,m5a,q9,9,85841.45,1162328.5,321469.5,1483798.0,0.21665299680077962,175.0,3018.959,2088.801,mixed,0.6918944576590805,1.0660276890308837,0.64822695035461,0.0,0.0,0.0,1.0,1.2029628506259622,0.9125919104020963,r5n,1.0,31.89756042991181
r5n,z1d,q1,1,231253.32,926.0,111688.0,112614.0,0.9917684145096124,4.0,7103.264,5716.394,compute,0.8047559544457309,1.040468583599574,1.251063829787234,0.006666666666666667,0.9933333333333333,0.0,0.0,0.80039829920368,1.0897260763176588,r5n,1.0,35.41075033961057
r5n,z1d,q10,10,160189.8,156191.0,102952.0,259143.0,0.3972771895162535,20.0,1038.925,900.594,mixed,0.8668517939216017,1.040468583599574,1.251063829787234,0.0,0.0,0.0,1.0,0.8764876077855486,1.0579203141622084,r5n,1.0,22.04165943710177
r5n,z1d,q11,11,10203.71,62785.0,0.0,62785.0,0.0,1217.0,102.45349999999999,72.5035,mixed,0.7076722610745363,1.040468583599574,1.251063829787234,0.0,0.0,0.006666666666666667,0.9933333333333333,0.8770517265654428,0.983027523361151,r5n,1.0,38.90999795138397
r5n,z1d,q12,12,210511.91,1684.0,137186.0,138870.0,0.987866437197111,2.0,1559.5430000000001,1242.102,compute,0.7964525505228134,1.040468583599574,1.251063829787234,0.0,1.0,0.0,0.0,0.7993197278911565,1.083900182824969,r5n,1.0,36.09099275449204
r5n,z1d,q13,13,142161.33,6292.0,23461.0,29753.0,0.7884990253411306,42.0,1625.7675,1165.3690000000001,bandwidth,0.7168115982143819,1.040468583599574,1.251063829787234,0.9933333333333333,0.006666666666666667,0.0,0.0,0.9600268534571795,0.8535861410796093,r5n,1.0,19.08096119063091
r5n,z1d,q14,14,118586.59,59.0,45765.0,45824.0,0.9986906710310965,1.0,422.8055,363.295,bandwidth,0.8592485197094173,1.040468583599574,1.251063829787234,1.0,0.0,0.0,0.0,0.9611054247697033,0.9835002716589916,r5n,1.0,14.460513937410568
r5n,z1d,q16,16,40977.39,2577.0,19863.0,22440.0,0.8851209839133728,18141.0,560.7415000000001,440.102,compute,0.784857193555319,1.040468583599574,1.251063829787234,0.01,0.99,0.0,0.0,0.8009375848599419,1.0243770660131757,r5n,1.0,30.51763740265376
r5n,z1d,q17,17,731369.7,232628.0,1904.0,234532.0,0.008118260543292415,1.0,362.418,293.0045,io,0.8084711576135843,1.040468583599574,1.251063829787234,0.0,0.0,0.9933333333333333,0.006666666666666667,0.9605413059898088,0.9426635613979484,r5n,1.0,16.598292038081887
r5n,z1d,q18,18,322525.59,245400.0,151796.0,397196.0,0.3821680425582268,9.0,7234.161,6297.545,mixed,0.8705287316663259,1.040468583599574,1.251063829787234,0.0,0.0,0.0033333333333333335,0.9966666666666667,0.8767696671754959,1.0760209024806733,r5n,1.0,23.605443834232066
r5n,z1d,q19,19,32575.98,17350.0,3216.0,20566.0,0.15636699567267953,1.0,73.7775,59.442499999999995,bandwidth,0.8056995696519941,1.040468583599574,1.251063829787234,0.99,0.0,0.006666666666666667,0.0033333333333333335,0.9608233653797562,0.9674274668974218,r5n,1.0,20.07297798548941
r5n,z1d,q2,2,120690.45,1361559.0,23878.0,1385437.0,0.017234982727484017,100.0,1687.966,1347.4665,mixed,0.7982782236135089,1.040468583599574,1.251063829787234,0.0,0.0,0.0,1.0,0.8764876077855486,1.0357753527613482,r5n,1.0,29.751172225740813
r5n,z1d,q20,20,164116.85,57909.0,74291.0,132200.0,0.5619549020052799,193.0,885.5885000000001,742.5440000000001,io,0.8384752060353088,1.040468583599574,1.251063829787234,0.0,0.0,1.0,0.0,0.9611054247697033,0.9743837077422284,r5n,1.0,16.209006626392288
r5n,z1d,q21,21,72643.41,772134.0,315455.0,1087589.0,0.29004955911694663,100.0,2575.3975,2139.5119999999997,mixed,0.8307502045800695,1.040468583599574,1.251063829787234,0.0,0.0,0.0,1.0,0.8764876077855486,1.0378142327618678,r5n,1.0,24.924944591071835
r5n,z1d,q22,22,13103.26,64494.0,0.0,64494.0,0.0,7.0,177.9305,142.582,io,0.8013353528484436,1.040468583599574,1.251063829787234,0.0033333333333333335,0.0,0.9966666666666667,0.0,0.9611054247697033,0.9553741966004583,r5n,1.0,19.222768994836553
r5n,z1d,q3,3,195291.56,493920.0,124546.0,618466.0,0.20137856991561393,10.0,1067.1325,913.617,mixed,0.8561420442166273,1.040468583599574,1.251063829787234,0.0,0.0,0.0033333333333333335,0.9966666666666667,0.8767696671754959,1.0640285300981527,r5n,1.0,24.28177511965811
r5n,z1d,q4,4,61263.21,169891.0,77503.0,247394.0,0.31327633945714345,5.0,439.73,398.5265,io,0.906298182975917,1.040468583599574,1.251063829787234,0.0,0.0,0.9933333333333333,0.006666666666666667,0.9605413059898088,1.0017368078503184,r5n,1.0,10.53059872204747
r5n,z1d,q5,5,83490.24,322186.0,258739.0,580925.0,0.4453906349517839,5.0,1107.366,1021.2819999999999,mixed,0.9222623775698369,1.040468583599574,1.251063829787234,0.0,0.0,0.0,1.0,0.8764876077855486,1.0555636650803635,r5n,1.0,14.45372713367922
r5n,z1d,q6,6,168633.05,0.0,105469.0,105469.0,0.9999905186308903,1.0,1067.0695,887.3354999999999,bandwidth,0.8315629862909584,1.040468583599574,1.251063829787234,0.9933333333333333,0.0033333333333333335,0.0033333333333333335,0.0,0.9605661391134415,0.9969850039203356,r5n,1.0,19.892902925755905
r5n,z1d,q7,7,70658.3,1181933.0,500059.0,1681992.0,0.29730147509531846,4.0,3602.5985,3083.709,mixed,0.8559679908821368,1.040468583599574,1.251063829787234,0.0,0.0,0.0,1.0,0.8764876077855486,1.074605640109649,r5n,1.0,25.54273659254365
r5n,z1d,q8,8,90831.9,266514.5,171394.5,437909.0,0.39139206686305406,2.0,821.899,725.1700000000001,mixed,0.8823103568686664,1.040468583599574,1.251063829787234,0.0,0.0,0.0,1.0,0.8764876077855486,1.0641266742917834,r5n,1.0,20.60684383989167
r5n,z1d,q9,9,85841.45,1162328.5,321469.5,1483798.0,0.21665299680077962,175.0,3018.959,2514.5299999999997,mixed,0.8329129345579055,1.040468583599574,1.251063829787234,0.0,0.0,0.0,1.0,0.8764876077855486,1.0683118047257023,r5n,1.0,28.262122053938576
z1d,r5n,q1,1,231253.32,926.0,111688.0,112614.0,0.9917684145096124,4.0,5716.394,7103.264,compute,1.2426127380303036,0.9611054247697033,0.7993197278911565,0.006666666666666667,0.9933333333333333,0.0,0.0,1.2496598614793162,0.9104215861318802,r5n,0.8009694777454287,26.733280750444248
z1d,r5n,q10,10,160189.8,156403.5,102740.5,259144.0,0.396459511084528,20.0,900.594,1038.925,mixed,1.1535997352858223,0.9611054247697033,0.7993197278911565,0.0,0.0,0.0,1.0,1.1409174426624311,0.9459501616829205,r5n,0.8009694777454287,18.000140538473115
z1d,r5n,q11,11,10203.71,62785.0,0.0,62785.0,0.0,1217.0,72.5035,102.45349999999999,mixed,1.4130835063134881,0.9611054247697033,0.7993197278911565,0.0,0.0,0.006666666666666667,0.9933333333333333,1.140247783602012,1.0209957994158356,r5n,0.8009694777454287,27.746959407979183
z1d,r5n,q12,12,210511.91,1726.0,137144.0,138870.0,0.9875639982429737,2.0,1242.102,1559.5430000000001,compute,1.2555675781860105,0.9611054247697033,0.7993197278911565,0.0,1.0,0.0,0.0,1.251063829787234,0.9233488364867033,r5n,0.8009694777454287,26.459646415789294
z1d,r5n,q13,13,142161.33,6247.0,23506.0,29753.0,0.7900114270350205,42.0,1165.3690000000001,1625.7675,bandwidth,1.395066712775095,0.9611054247697033,0.7993197278911565,0.9933333333333333,0.006666666666666667,0.0,0.0,1.0418725519074916,0.9915607660083697,r5n,0.8009694777454287,28.923774259086372
z1d,r5n,q14,14,118586.59,59.0,45765.0,45824.0,0.9986906710310965,1.0,363.295,422.8055,bandwidth,1.163807649430903,0.9611054247697033,0.7993197278911565,1.0,0.0,0.0,0.0,1.040468583599574,0.9591989072420752,r5n,0.8009694777454287,17.58097588453561
z1d,r5n,q16,16,40977.39,2577.0,19863.0,22440.0,0.8851209839133728,18141.0,440.102,560.7415000000001,compute,1.2741171364819976,0.9611054247697033,0.7993197278911565,0.01,0.99,0.0,0.0,1.2489578773253573,0.9703415554731007,r5n,0.8009694777454287,23.84204499812793
z1d,r5n,q17,17,731369.7,232628.0,1904.0,234532.0,0.008118260543292415,1.0,293.0045,362.418,io,1.2369025049103342,0.9611054247697033,0.7993197278911565,0.0,0.0,0.9933333333333333,0.006666666666666667,1.0411382426599929,1.0016107792451088,r5n,0.8009694777454287,19.022657382546267
z1d,r5n,q18,18,322525.59,243369.5,153826.5,397196.0,0.38728011540872664,9.0,6297.545,7234.161,mixed,1.1487271627276978,0.9611054247697033,0.7993197278911565,0.0,0.0,0.0033333333333333335,0.9966666666666667,1.1405826131322214,0.9330196523764589,r5n,0.8009694777454287,18.777958539696492
z1d,r5n,q19,19,32575.98,17350.0,3216.0,20566.0,0.15636699567267953,1.0,59.442499999999995,73.7775,bandwidth,1.2411574210371368,0.9611054247697033,0.7993197278911565,0.99,0.0,0.006666666666666667,0.0033333333333333335,1.0408034131297836,0.9988331679624425,r5n,0.8009694777454287,19.524054641852214
z1d,r5n,q2,2,120690.45,1361565.0,23872.0,1385437.0,0.017230651967103543,100.0,1347.4665,1687.966,mixed,1.2526960781585292,0.9611054247697033,0.7993197278911565,0.0,0.0,0.0,1.0,1.1409174426624311,1.0543462526184577,r5n,0.8009694777454287,15.83383463861777
z1d,r5n,q20,20,164116.85,57909.0,74291.0,132200.0,0.5619549020052799,193.0,742.5440000000001,885.5885000000001,io,1.1926411094830744,0.9611054247697033,0.7993197278911565,0.0,0.0,1.0,0.0,1.040468583599574,1.0016530242275774,r5n,0.8009694777454287,16.0138774134892
z1d,r5n,q21,21,72643.41,772092.0,315497.0,1087589.0,0.2900881766106713,100.0,2139.5119999999997,2575.3975,mixed,1.2037312714301207,0.9611054247697033,0.7993197278911565,0.0,0.0,0.0,1.0,1.1409174426624311,0.9687032648843018,r5n,0.8009694777454287,19.5249564519985
z1d,r5n,q22,22,13103.26,64494.0,0.0,64494.0,0.0,7.0,142.582,177.9305,io,1.2479169881191174,0.9611054247697033,0.7993197278911565,0.0033333333333333335,0.0,0.9966666666666667,0.0,1.040468583599574,1.0140419559315494,r5n,0.8009694777454287,18.74123314404659
z1d,r5n,q3,3,195291.56,493920.0,124546.0,618466.0,0.20137856991561393,10.0,913.617,1067.1325,mixed,1.1680304766658238,0.9611054247697033,0.7993197278911565,0.0,0.0,0.0033333333333333335,0.9966666666666667,1.1405826131322214,0.956893728360174,r5n,0.8009694777454287,18.076304730365063
z1d,r5n,q4,4,61263.21,169891.0,77503.0,247394.0,0.31327633945714345,5.0,398.5265,439.73,io,1.1033896114812942,0.9611054247697033,0.7993197278911565,0.0,0.0,0.9933333333333333,0.006666666666666667,1.0411382426599929,0.9507147474741334,r5n,0.8009694777454287,13.836895183578507
z1d,r5n,q5,5,83490.24,322193.5,258731.5,580925.0,0.4453777245294581,5.0,1021.2819999999999,1107.366,mixed,1.0842901372980236,0.9611054247697033,0.7993197278911565,0.0,0.0,0.0,1.0,1.1409174426624311,0.9424735473963831,r5n,0.8009694777454287,13.079210538153346
z1d,r5n,q6,6,168633.05,0.0,105469.0,105469.0,0.9999905186308903,1.0,887.3354999999999,1067.0695,bandwidth,1.2025547270451822,0.9611054247697033,0.7993197278911565,0.9933333333333333,0.0033333333333333335,0.0033333333333333335,0.0,1.0411705677535328,0.9443361898590722,r5n,0.8009694777454287,21.47249778981645
z1d,r5n,q7,7,70658.3,1181936.5,500055.5,1681992.0,0.29729939423053486,4.0,3083.709,3602.5985,mixed,1.1682679850790072,0.9611054247697033,0.7993197278911565,0.0,0.0,0.0,1.0,1.1409174426624311,1.0039835733286437,r5n,0.8009694777454287,14.062219785921231
z1d,r5n,q8,8,90831.9,266508.5,171400.5,437909.0,0.39140576830855656,2.0,725.1700000000001,821.899,mixed,1.1333880331508472,0.9611054247697033,0.7993197278911565,0.0,0.0,0.0,1.0,1.1409174426624311,0.9424735473963831,r5n,0.8009694777454287,16.84458280574192
z1d,r5n,q9,9,85841.45,1162313.5,321484.5,1483798.0,0.2166631059867273,175.0,2514.5299999999997,3018.959,mixed,1.200605679789066,0.9611054247697033,0.7993197278911565,0.0,0.0,0.0,1.0,1.1409174426624311,0.9290991381951763,r5n,0.8009694777454287,22.614131031063476
c5a,z1d,q1,1,231253.32,926.0,111688.0,112614.0,0.9917684145096124,4.0,3043.2095,5716.394,compute,1.8784096198437867,0.6557046979865772,1.4873524451939293,0.006666666666666667,0.9933333333333333,0.0,0.0,0.6780205420050425,1.5739158332095935,z1d,0.8082587527881575,16.21019097312309
c5a,z1d,q10,10,160189.8,154977.0,104167.0,259144.0,0.4019641513438422,20.0,530.1745,900.594,mixed,1.6986746816378384,0.6557046979865772,1.4873524451939293,0.0,0.0,0.0,1.0,1.0126022929240683,1.6315503835813234,z1d,0.8082587527881575,3.9515687601698213
c5a,z1d,q11,11,10203.71,62785.0,0.0,62785.0,0.0,1217.0,85.429,72.5035,mixed,0.8486989195706376,0.6557046979865772,1.4873524451939293,0.0,0.0,0.006666666666666667,0.9933333333333333,1.0160187894086345,1.261880337165399,z1d,0.8082587527881575,48.6840984555268
c5a,z1d,q12,12,210511.91,1780.0,137090.0,138870.0,0.9871751481590829,2.0,717.643,1242.102,compute,1.7308076578465894,0.6557046979865772,1.4873524451939293,0.0,1.0,0.0,0.0,0.6723356009070294,1.5710497095934313,z1d,0.8082587527881575,9.23025429942478
c5a,z1d,q13,13,142161.33,6288.0,23465.0,29753.0,0.7886334610472542,42.0,833.7245,1165.3690000000001,bandwidth,1.397786678932909,0.6557046979865772,1.4873524451939293,0.9933333333333333,0.006666666666666667,0.0,0.0,1.519391824510994,1.5936224359401687,z1d,0.8082587527881575,14.010418038664074
c5a,z1d,q14,14,118586.59,59.0,45765.0,45824.0,0.9986906710310965,1.0,210.6895,363.295,bandwidth,1.7243146905754676,0.6557046979865772,1.4873524451939293,1.0,0.0,0.0,0.0,1.5250767656090072,1.5948200428546238,z1d,0.8082587527881575,7.509919646838171
c5a,z1d,q16,16,40977.39,2576.0,19864.0,22440.0,0.8851655452074328,18141.0,306.8055,440.102,compute,1.4344658097719891,0.6557046979865772,1.4873524451939293,0.01,0.99,0.0,0.0,0.6808630125540492,1.4250836764121708,z1d,0.8082587527881575,0.654050678371317
c5a,z1d,q17,17,731369.7,232628.0,1904.0,234532.0,0.008118260543292415,1.0,335.7165,293.0045,io,0.8727736051102643,0.6557046979865772,1.4873524451939293,0.0,0.0,0.9933333333333333,0.006666666666666667,1.521660269124441,1.152089946121127,z1d,0.8082587527881575,32.00329837834342
c5a,z1d,q18,18,322525.59,103902.5,293293.5,397196.0,0.7384081450766244,9.0,3564.257,6297.545,mixed,1.7668605266118578,0.6557046979865772,1.4873524451939293,0.03666666666666667,0.06666666666666667,0.013333333333333334,0.8833333333333333,1.015541570423846,1.5971273444367118,z1d,0.8082587527881575,9.606484474506164
c5a,z1d,q19,19,32575.98,17350.0,3216.0,20566.0,0.15636699567267953,1.0,43.73350000000001,59.442499999999995,bandwidth,1.3591983262258907,0.6557046979865772,1.4873524451939293,0.99,0.0,0.006666666666666667,0.0033333333333333335,1.523368517366724,1.4792060808483098,z1d,0.8082587527881575,8.829304179298601
c5a,z1d,q2,2,120690.45,1361569.5,23867.5,1385437.0,0.01722740389681819,100.0,1534.04,1347.4665,mixed,0.8783776824593883,0.6557046979865772,1.4873524451939293,0.0,0.0,0.0,1.0,1.0126022929240683,0.9831573769055447,z1d,0.8082587527881575,11.928774664763969
c5a,z1d,q20,20,164116.85,57908.0,74292.0,132200.0,0.5619624662445821,193.0,693.21,742.5440000000001,io,1.0711674672898546,0.6557046979865772,1.4873524451939293,0.0,0.0,1.0,0.0,1.5250767656090072,1.3227159149491243,z1d,0.8082587527881575,23.483577996978276
c5a,z1d,q21,21,72643.41,771824.5,315764.5,1087589.0,0.2903341332671319,100.0,1585.465,2139.5119999999997,mixed,1.349453945687858,0.6557046979865772,1.4873524451939293,0.0,0.0,0.0,1.0,1.0126022929240683,1.5080909323973117,z1d,0.8082587527881575,11.755642881802206
c5a,z1d,q22,22,13103.26,64494.0,0.0,64494.0,0.0,7.0,93.9025,142.582,io,1.518404728308618,0.6557046979865772,1.4873524451939293,0.0033333333333333335,0.0,0.9966666666666667,0.0,1.5250767656090072,1.4302116082594294,z1d,0.8082587527881575,5.808274856166226
c5a,z1d,q3,3,195291.56,493920.0,124546.0,618466.0,0.20137856991561393,10.0,487.4995,913.617,mixed,1.87408807598777,0.6557046979865772,1.4873524451939293,0.0,0.0,0.0033333333333333335,0.9966666666666667,1.0143105411663516,1.625854702738605,z1d,0.8082587527881575,13.245555341273352
c5a,z1d,q4,4,61263.21,169891.0,77503.0,247394.0,0.31327633945714345,5.0,223.132,398.5265,io,1.7860571321011778,0.6557046979865772,1.4873524451939293,0.0,0.0,0.9933333333333333,0.006666666666666667,1.521660269124441,1.5597217502475507,z1d,0.8082587527881575,12.672348369246093
c5a,z1d,q5,5,83490.24,322157.5,258767.5,580925.0,0.4454396945566217,5.0,468.384,1021.2819999999999,mixed,2.1804374188699867,0.6557046979865772,1.4873524451939293,0.0,0.0,0.0,1.0,1.0126022929240683,1.6481391793469091,z1d,0.8082587527881575,24.412452057392294
c5a,z1d,q6,6,168633.05,0.0,105469.0,105469.0,0.9999905186308903,1.0,506.22450000000003,887.3354999999999,bandwidth,1.7528497731737596,0.6557046979865772,1.4873524451939293,0.9933333333333333,0.0033333333333333335,0.0033333333333333335,0.0,1.5222342950600003,1.5901066452871884,z1d,0.8082587527881575,9.28448805923076
c5a,z1d,q7,7,70658.3,1181932.5,500059.5,1681992.0,0.2973017723617161,4.0,2502.548,3083.709,mixed,1.2322277135143862,0.6557046979865772,1.4873524451939293,0.0,0.0,0.0,1.0,1.0126022929240683,1.301369681451115,z1d,0.8082587527881575,5.611135602487946
c5a,z1d,q8,8,90831.9,266495.5,171413.5,437909.0,0.391435454773812,2.0,353.51800000000003,725.1700000000001,mixed,2.0512958321782766,0.6557046979865772,1.4873524451939293,0.0,0.0,0.0,1.0,1.0126022929240683,1.6361790987387692,z1d,0.8082587527881575,20.236804800538877
c5a,z1d,q9,9,85841.45,1162326.5,321471.5,1483798.0,0.21665434469223932,175.0,1402.29,2514.5299999999997,mixed,1.7931597601066824,0.6557046979865772,1.4873524451939293,0.0,0.0,0.0,1.0,1.0126022929240683,1.5995198041686298,z1d,0.8082587527881575,10.798812255664949
c7i,z1d,q1,1,231253.32,926.0,111688.0,112614.0,0.9917684145096124,4.0,4861.035,5716.394,compute,1.1759623207814798,1.1575829383886256,1.0929368029739777,0.006666666666666667,0.9933333333333333,0.0,0.0,0.9146253397298871,1.176013927519767,z1d,0.8082587527881575,0.004388468692848592
c7i,z1d,q10,10,160189.8,156505.0,102639.0,259144.0,0.3960678384688109,20.0,844.875,900.594,mixed,1.0659494007989347,1.1575829383886256,1.0929368029739777,0.0,0.0,0.0,1.0,0.8890504707417388,1.1758248526928845,z1d,0.8082587527881575,10.30775492829186
c7i,z1d,q11,11,10203.71,62785.0,0.0,62785.0,0.0,1217.0,102.75450000000001,72.5035,mixed,0.7055992681585721,1.1575829383886256,1.0929368029739777,0.0,0.0,0.006666666666666667,0.9933333333333333,0.8888825941814202,1.0907345137794402,z1d,0.8082587527881575,54.582716139427056
c7i,z1d,q12,12,210511.91,1733.0,137137.0,138870.0,0.9875135917506175,2.0,1038.817,1242.102,compute,1.1956889423257417,1.1575829383886256,1.0929368029739777,0.0,1.0,0.0,0.0,0.9149659863945578,1.1758248526928845,z1d,0.8082587527881575,1.661309135653582
c7i,z1d,q13,13,142161.33,6290.0,23463.0,29753.0,0.7885662431941923,42.0,1499.6860000000001,1165.3690000000001,bandwidth,0.7770753344366754,1.1575829383886256,1.0929368029739777,0.9933333333333333,0.006666666666666667,0.0,0.0,0.8642096333586317,1.1636296047468193,z1d,0.8082587527881575,49.744761309451206
c7i,z1d,q14,14,118586.59,59.0,45765.0,45824.0,0.9986906710310965,1.0,340.724,363.295,bandwidth,1.0662442328688324,1.1575829383886256,1.0929368029739777,1.0,0.0,0.0,0.0,0.8638689866939611,1.1649725389586305,z1d,0.8082587527881575,9.259445729817466
c7i,z1d,q16,16,40977.39,2577.0,19863.0,22440.0,0.8851209839133728,18141.0,396.59749999999997,440.102,compute,1.1096943374580022,1.1575829383886256,1.0929368029739777,0.01,0.99,0.0,0.0,0.9144550163975519,1.178605417555202,z1d,0.8082587527881575,6.209915448884406
c7i,z1d,q17,17,731369.7,232628.0,1904.0,234532.0,0.008118260543292415,1.0,278.3045,293.0045,io,1.0528198430136775,1.1575829383886256,1.0929368029739777,0.0,0.0,0.9933333333333333,0.006666666666666667,0.8640368632542795,1.0852230247037011,z1d,0.8082587527881575,3.0777518019863814
c7i,z1d,q18,18,322525.59,245407.0,151789.0,397196.0,0.382150419061574,9.0,5414.1975,6297.545,mixed,1.163153911544601,1.1575829383886256,1.0929368029739777,0.0,0.0,0.0033333333333333335,0.9966666666666667,0.8889665324615796,1.172473390374542,z1d,0.8082587527881575,0.8012249056159007
c7i,z1d,q19,19,32575.98,17350.0,3216.0,20566.0,0.15636699567267953,1.0,53.158,59.442499999999995,bandwidth,1.1182230332217162,1.1575829383886256,1.0929368029739777,0.99,0.0,0.006666666666666667,0.0033333333333333335,0.8639529249741204,1.169838790235225,z1d,0.8082587527881575,4.6158731737798675
c7i,z1d,q2,2,120690.45,1361572.0,23865.0,1385437.0,0.017225599413326326,100.0,1391.7885,1347.4665,mixed,0.9681546441862394,1.1575829383886256,1.0929368029739777,0.0,0.0,0.0,1.0,0.8890504707417388,1.0869388945235858,z1d,0.8082587527881575,12.269140167910658
c7i,z1d,q20,20,164116.85,57909.5,74290.5,132200.0,0.5619511198856287,193.0,746.219,742.5440000000001,io,0.9950751723019651,1.1575829383886256,1.0929368029739777,0.0,0.0,1.0,0.0,0.8638689866939611,1.13641285121253,z1d,0.8082587527881575,14.203718758614011
c7i,z1d,q21,21,72643.41,772253.5,315335.5,1087589.0,0.2899396831526586,100.0,2077.2865,2139.5119999999997,mixed,1.0299551843233947,1.1575829383886256,1.0929368029739777,0.0,0.0,0.0,1.0,0.8890504707417388,1.1700576048141844,z1d,0.8082587527881575,13.602768608114415
c7i,z1d,q22,22,13103.26,64494.0,0.0,64494.0,0.0,7.0,122.9015,142.582,io,1.1601323010703692,1.1575829383886256,1.0929368029739777,0.0033333333333333335,0.0,0.9966666666666667,0.0,0.8638689866939611,1.1406165453393962,z1d,0.8082587527881575,1.682200875966243
c7i,z1d,q3,3,195291.56,493920.0,124546.0,618466.0,0.20137856991561393,10.0,855.2255,913.617,mixed,1.0682761447127103,1.1575829383886256,1.0929368029739777,0.0,0.0,0.0033333333333333335,0.9966666666666667,0.8889665324615796,1.177826178538391,z1d,0.8082587527881575,10.254842286602015
c7i,z1d,q4,4,61263.21,169891.0,77503.0,247394.0,0.31327633945714345,5.0,337.77099999999996,398.5265,io,1.1798718658499399,1.1575829383886256,1.0929368029739777,0.0,0.0,0.9933333333333333,0.006666666666666667,0.8640368632542795,1.1827544092984217,z1d,0.8082587527881575,0.24430987227628617
c7i,z1d,q5,5,83490.24,322170.5,258754.5,580925.0,0.44541731649125704,5.0,1009.4685,1021.2819999999999,mixed,1.011702693050848,1.1575829383886256,1.0929368029739777,0.0,0.0,0.0,1.0,0.8890504707417388,1.1541504246769227,z1d,0.8082587527881575,14.079999253191216
c7i,z1d,q6,6,168633.05,0.0,105469.0,105469.0,0.9999905186308903,1.0,747.0885000000001,887.3354999999999,bandwidth,1.187724747469677,1.1575829383886256,1.0929368029739777,0.9933333333333333,0.0033333333333333335,0.0033333333333333335,0.0,0.8640393100262963,1.1658736682298798,z1d,0.8082587527881575,1.8397426917599102
c7i,z1d,q7,7,70658.3,1181931.0,500061.0,1681992.0,0.2973026641609091,4.0,2735.3864999999996,3083.709,mixed,1.1273394088915771,1.1575829383886256,1.0929368029739777,0.0,0.0,0.0,1.0,0.8890504707417388,1.2174559694986662,z1d,0.8082587527881575,7.99373816761125
c7i,z1d,q8,8,90831.9,266506.0,171403.0,437909.0,0.39141147724418257,2.0,736.44,725.1700000000001,mixed,0.9846966487425995,1.1575829383886256,1.0929368029739777,0.0,0.0,0.0,1.0,0.8890504707417388,1.1541504246769227,z1d,0.8082587527881575,17.208728815184436
c7i,z1d,q9,9,85841.45,1162312.0,321486.0,1483798.0,0.21666411690532209,175.0,2479.5135,2514.5299999999997,mixed,1.0141223268193538,1.1575829383886256,1.0929368029739777,0.0,0.0,0.0,1.0,0.8890504707417388,1.1707200071140065,z1d,0.8082587527881575,15.441695360933272
m5a,z1d,q1,1,231253.32,926.0,111688.0,112614.0,0.9917684145096124,4.0,4400.6265,5716.394,compute,1.2989954953004987,0.976023976023976,1.9299781181619255,0.006666666666666667,0.9933333333333333,0.0,0.0,0.5215167522712485,1.216691919645861,z1d,0.8082587527881575,6.33594003615835
m5a,z1d,q10,10,160189.8,154505.0,104639.0,259144.0,0.4037855254780142,20.0,780.1095,900.594,mixed,1.1544456259025175,0.976023976023976,1.9299781181619255,0.0,0.0,0.0,1.0,0.728607377467615,1.2661088271606151,z1d,0.8082587527881575,9.672452192869804
m5a,z1d,q11,11,10203.71,62785.0,0.0,62785.0,0.0,1217.0,133.003,72.5035,mixed,0.5451268016510906,0.976023976023976,1.9299781181619255,0.0,0.0,0.006666666666666667,0.9933333333333333,0.7305804282503794,0.9367274367862455,z1d,0.8082587527881575,71.83661378399802
m5a,z1d,q12,12,210511.91,1747.0,137123.0,138870.0,0.987412778765905,2.0,1108.8780000000002,1242.102,compute,1.1201430635290808,0.976023976023976,1.9299781181619255,0.0,1.0,0.0,0.0,0.518140589569161,1.1468284854952628,z1d,0.8082587527881575,2.3823226545819938
m5a,z1d,q13,13,142161.33,6267.0,23486.0,29753.0,0.7893392485044027,42.0,1283.8784999999998,1165.3690000000001,bandwidth,0.9076941470707706,0.976023976023976,1.9299781181619255,0.9933333333333333,0.006666666666666667,0.0,0.0,1.0211888321802052,1.2728301911048738,z1d,0.8082587527881575,40.226770791949875
m5a,z1d,q14,14,118586.59,59.0,45765.0,45824.0,0.9986906710310965,1.0,301.421,363.295,bandwidth,1.2052743504931642,0.976023976023976,1.9299781181619255,1.0,0.0,0.0,0.0,1.0245649948822928,1.274173125316685,z1d,0.8082587527881575,5.716439148923178
m5a,z1d,q16,16,40977.39,2576.0,19864.0,22440.0,0.8851655452074328,18141.0,434.2285,440.102,compute,1.0135262885784788,0.976023976023976,1.9299781181619255,0.01,0.99,0.0,0.0,0.5232048336222923,1.1419286547259966,z1d,0.8082587527881575,12.668873772145417
m5a,z1d,q17,17,731369.7,232628.0,1904.0,234532.0,0.008118260543292415,1.0,540.1505,293.0045,io,0.5424497431734304,0.976023976023976,1.9299781181619255,0.0,0.0,0.9933333333333333,0.006666666666666667,1.0225919440995284,0.9500196751516891,z1d,0.8082587527881575,75.13505852061057
m5a,z1d,q18,18,322525.59,152235.5,244960.5,397196.0,0.6167229359738367,9.0,4948.0075,6297.545,mixed,1.2727436245801973,0.976023976023976,1.9299781181619255,0.0,0.0,0.01,0.99,0.7315669536417617,1.2718572648699416,z1d,0.8082587527881575,0.06964165391502974
m5a,z1d,q19,19,32575.98,17350.0,3216.0,20566.0,0.15636699567267953,1.0,61.980000000000004,59.442499999999995,bandwidth,0.95905937399161,0.976023976023976,1.9299781181619255,0.99,0.0,0.006666666666666667,0.0033333333333333335,1.0235784694909107,1.1992877246928364,z1d,0.8082587527881575,25.04832935435423
m5a,z1d,q2,2,120690.45,1361570.5,23866.5,1385437.0,0.017226682103421445,100.0,2480.223,1347.4665,mixed,0.5432844143450004,0.976023976023976,1.9299781181619255,0.0,0.0,0.0,1.0,0.728607377467615,0.7983405872565161,z1d,0.8082587527881575,46.94708078806548
m5a,z1d,q20,20,164116.85,57906.0,74294.0,132200.0,0.5619775947231866,193.0,1043.5055,742.5440000000001,io,0.7115860913047417,0.976023976023976,1.9299781181619255,0.0,0.0,1.0,0.0,1.0245649948822928,1.124941459353358,z1d,0.8082587527881575,58.08929841373107
m5a,z1d,q21,21,72643.41,771775.5,315813.5,1087589.0,0.2903791870098107,100.0,2269.7135,2139.5119999999997,mixed,0.9426352709273659,0.976023976023976,1.9299781181619255,0.0,0.0,0.0,1.0,0.728607377467615,1.1655218183901424,z1d,0.8082587527881575,23.645046428561958
m5a,z1d,q22,22,13103.26,64494.0,0.0,64494.0,0.0,7.0,131.582,142.582,io,1.0835980605249957,0.976023976023976,1.9299781181619255,0.0033333333333333335,0.0,0.9966666666666667,0.0,1.0245649948822928,1.0482293659401194,z1d,0.8082587527881575,3.264004973185395
m5a,z1d,q3,3,195291.56,493920.0,124546.0,618466.0,0.20137856991561393,10.0,729.5985000000001,913.617,mixed,1.252218857357848,0.976023976023976,1.9299781181619255,0.0,0.0,0.0033333333333333335,0.9966666666666667,0.7295939028589973,1.232039883154137,z1d,0.8082587527881575,1.6114574609017003
m5a,z1d,q4,4,61263.21,169891.0,77503.0,247394.0,0.31327633945714345,5.0,315.9345,398.5265,io,1.2614212756125083,0.976023976023976,1.9299781181619255,0.0,0.0,0.9933333333333333,0.006666666666666667,1.0225919440995284,1.2551446418905403,z1d,0.8082587527881575,0.4975842601766976
m5a,z1d,q5,5,83490.24,322143.5,258781.5,580925.0,0.4454637940116297,5.0,698.4615,1021.2819999999999,mixed,1.4621879659795134,0.976023976023976,1.9299781181619255,0.0,0.0,0.0,1.0,0.728607377467615,1.2796900252408363,z1d,0.8082587527881575,12.481154611091503
m5a,z1d,q6,6,168633.05,0.0,105469.0,105469.0,0.9999905186308903,1.0,761.749,887.3354999999999,bandwidth,1.164865986040021,0.976023976023976,1.9299781181619255,0.9933333333333333,0.0033333333333333335,0.0033333333333333335,0.0,1.022876913531249,1.2734956721877053,z1d,0.8082587527881575,9.325509324636778
m5a,z1d,q7,7,70658.3,1181928.0,500064.0,1681992.0,0.2973044477592951,4.0,3633.729,3083.709,mixed,0.8486348321517647,0.976023976023976,1.9299781181619255,0.0,0.0,0.0,1.0,0.728607377467615,1.0916168901243575,z1d,0.8082587527881575,28.63210992135417
m5a,z1d,q8,8,90831.9,266512.0,171397.0,437909.0,0.39139777579868007,2.0,520.2660000000001,725.1700000000001,mixed,1.3938446871408088,0.976023976023976,1.9299781181619255,0.0,0.0,0.0,1.0,0.728607377467615,1.2658331709118962,z1d,0.8082587527881575,9.184058841699388
m5a,z1d,q9,9,85841.45,1162311.0,321487.0,1483798.0,0.21666479085105192,175.0,2088.801,2514.5299999999997,mixed,1.2038150115784125,0.976023976023976,1.9299781181619255,0.0,0.0,0.0,1.0,0.728607377467615,1.2155142339977,z1d,0.8082587527881575,0.9718455333056385
r5n,z1d,q1,1,231253.32,926.0,111688.0,112614.0,0.9917684145096124,4.0,7103.264,5716.394,compute,0.8047559544457309,1.040468583599574,1.251063829787234,0.006666666666666667,0.9933333333333333,0.0,0.0,0.80039829920368,1.1542204109506555,z1d,0.8082587527881575,43.42489851418564
r5n,z1d,q10,10,160189.8,156191.0,102952.0,259143.0,0.3972771895162535,20.0,1038.925,900.594,mixed,0.8668517939216017,1.040468583599574,1.251063829787234,0.0,0.0,0.0,1.0,0.8764876077855486,1.1518642749584747,z1d,0.8082587527881575,32.87903226772921
r5n,z1d,q11,11,10203.71,62785.0,0.0,62785.0,0.0,1217.0,102.45349999999999,72.5035,mixed,0.7076722610745363,1.040468583599574,1.251063829787234,0.0,0.0,0.006666666666666667,0.9933333333333333,0.8770517265654428,0.9821900254223945,z1d,0.8082587527881575,38.79165249900114
r5n,z1d,q12,12,210511.91,1684.0,137186.0,138870.0,0.987866437197111,2.0,1559.5430000000001,1242.102,compute,0.7964525505228134,1.040468583599574,1.251063829787234,0.0,1.0,0.0,0.0,0.7993197278911565,1.1510559487385534,z1d,0.8082587527881575,44.52285299142662
r5n,z1d,q13,13,142161.33,6292.0,23461.0,29753.0,0.7884990253411306,42.0,1625.7675,1165.3690000000001,bandwidth,0.7168115982143819,1.040468583599574,1.251063829787234,0.9933333333333333,0.006666666666666667,0.0,0.0,0.9600268534571795,1.1544428298171552,z1d,0.8082587527881575,61.05247636797972
r5n,z1d,q14,14,118586.59,59.0,45765.0,45824.0,0.9986906710310965,1.0,422.8055,363.295,bandwidth,0.8592485197094173,1.040468583599574,1.251063829787234,1.0,0.0,0.0,0.0,0.9611054247697033,1.1557857640289664,z1d,0.8082587527881575,34.51123132802519
r5n,z1d,q16,16,40977.39,2577.0,19863.0,22440.0,0.8851209839133728,18141.0,560.7415000000001,440.102,compute,0.784857193555319,1.040468583599574,1.251063829787234,0.01,0.99,0.0,0.0,0.8009375848599419,1.1087393734682136,z1d,0.8082587527881575,41.266383562816436
r5n,z1d,q17,17,731369.7,232628.0,1904.0,234532.0,0.008118260543292415,1.0,362.418,293.0045,io,0.8084711576135843,1.040468583599574,1.251063829787234,0.0,0.0,0.9933333333333333,0.006666666666666667,0.9605413059898088,0.9636084928258449,z1d,0.8082587527881575,19.18897585291593
r5n,z1d,q18,18,322525.59,245400.0,151796.0,397196.0,0.3821680425582268,9.0,7234.161,6297.545,mixed,0.8705287316663259,1.040468583599574,1.251063829787234,0.0,0.0,0.0033333333333333335,0.9966666666666667,0.8767696671754959,1.148512812640132,z1d,0.8082587527881575,31.93278646205069
r5n,z1d,q19,19,32575.98,17350.0,3216.0,20566.0,0.15636699567267953,1.0,73.7775,59.442499999999995,bandwidth,0.8056995696519941,1.040468583599574,1.251063829787234,0.99,0.0,0.006666666666666667,0.0033333333333333335,0.9608233653797562,1.1120239324278742,z1d,0.8082587527881575,38.01967561037557
r5n,z1d,q2,2,120690.45,1361559.0,23878.0,1385437.0,0.017234982727484017,100.0,1687.966,1347.4665,mixed,0.7982782236135089,1.040468583599574,1.251063829787234,0.0,0.0,0.0,1.0,0.8764876077855486,0.8949954478213661,z1d,0.8082587527881575,12.115728745556192
r5n,z1d,q20,20,164116.85,57909.0,74291.0,132200.0,0.5619549020052799,193.0,885.5885000000001,742.5440000000001,io,0.8384752060353088,1.040468583599574,1.251063829787234,0.0,0.0,1.0,0.0,0.9611054247697033,1.031820366876464,z1d,0.8082587527881575,23.05913871387789
r5n,z1d,q21,21,72643.41,772134.0,315455.0,1087589.0,0.29004955911694663,100.0,2575.3975,2139.5119999999997,mixed,0.8307502045800695,1.040468583599574,1.251063829787234,0.0,0.0,0.0,1.0,0.8764876077855486,1.0974549636888313,z1d,0.8082587527881575,32.10408587784539
r5n,z1d,q22,22,13103.26,64494.0,0.0,64494.0,0.0,7.0,177.9305,142.582,io,0.8013353528484436,1.040468583599574,1.251063829787234,0.0033333333333333335,0.0,0.9966666666666667,0.0,0.9611054247697033,1.0618181836142755,z1d,0.8082587527881575,32.50609496260387
r5n,z1d,q3,3,195291.56,493920.0,124546.0,618466.0,0.20137856991561393,10.0,1067.1325,913.617,mixed,0.8561420442166273,1.040468583599574,1.251063829787234,0.0,0.0,0.0033333333333333335,0.9966666666666667,0.8767696671754959,1.1448407506261895,z1d,0.8082587527881575,33.720888766036765
r5n,z1d,q4,4,61263.21,169891.0,77503.0,247394.0,0.31327633945714345,5.0,439.73,398.5265,io,0.906298182975917,1.040468583599574,1.251063829787234,0.0,0.0,0.9933333333333333,0.006666666666666667,0.9605413059898088,1.1335132446613096,z1d,0.8082587527881575,25.070673863574367
r5n,z1d,q5,5,83490.24,322186.0,258739.0,580925.0,0.4453906349517839,5.0,1107.366,1021.2819999999999,mixed,0.9222623775698369,1.040468583599574,1.251063829787234,0.0,0.0,0.0,1.0,0.8764876077855486,1.1491938888329691,z1d,0.8082587527881575,24.605959950474965
r5n,z1d,q6,6,168633.05,0.0,105469.0,105469.0,0.9999905186308903,1.0,1067.0695,887.3354999999999,bandwidth,0.8315629862909584,1.040468583599574,1.251063829787234,0.9933333333333333,0.0033333333333333335,0.0033333333333333335,0.0,0.9605661391134415,1.1518642749584747,z1d,0.8082587527881575,38.517982876578515
r5n,z1d,q7,7,70658.3,1181933.0,500059.0,1681992.0,0.29730147509531846,4.0,3602.5985,3083.709,mixed,0.8559679908821368,1.040468583599574,1.251063829787234,0.0,0.0,0.0,1.0,0.8764876077855486,0.9794566039406388,z1d,0.8082587527881575,14.426779315805732
r5n,z1d,q8,8,90831.9,266514.5,171394.5,437909.0,0.39139206686305406,2.0,821.899,725.1700000000001,mixed,0.8823103568686664,1.040468583599574,1.251063829787234,0.0,0.0,0.0,1.0,0.8764876077855486,1.1491938888329691,z1d,0.8082587527881575,30.24826013733723
r5n,z1d,q9,9,85841.45,1162328.5,321469.5,1483798.0,0.21665299680077962,175.0,3018.959,2514.5299999999997,mixed,0.8329129345579055,1.040468583599574,1.251063829787234,0.0,0.0,0.0,1.0,0.8764876077855486,1.0984155103762578,z1d,0.8082587527881575,31.876390052614095
z1d,c5a,q1,1,231253.32,926.0,111688.0,112614.0,0.9917684145096124,4.0,5716.394,3043.2095,compute,0.5323652463423619,1.5250767656090072,0.6723356009070295,0.006666666666666667,0.9933333333333333,0.0,0.0,1.4818081268792134,0.5695031678644895,z1d,1.0,6.976022904816806
z1d,c5a,q10,10,160189.8,156403.5,102740.5,259144.0,0.396459511084528,20.0,900.594,530.1745,mixed,0.5886942395796552,1.5250767656090072,0.6723356009070295,0.0,0.0,0.0,1.0,0.9875545483037798,0.5639341873721149,z1d,1.0,4.205927380097976
z1d,c5a,q11,11,10203.71,62785.0,0.0,62785.0,0.0,1217.0,72.5035,85.429,mixed,1.1782741522823037,1.5250767656090072,0.6723356009070295,0.0,0.0,0.006666666666666667,0.9933333333333333,0.9853422159683317,0.8913671889118203,z1d,1.0,24.349762982982174
z1d,c5a,q12,12,210511.91,1726.0,137144.0,138870.0,0.9875639982429737,2.0,1242.102,717.643,compute,0.577764950060462,1.5250767656090072,0.6723356009070295,0.0,1.0,0.0,0.0,1.487352445193929,0.5684277593234003,z1d,1.0,1.6160881230480701
z1d,c5a,q13,13,142161.33,6247.0,23506.0,29753.0,0.7900114270350205,42.0,1165.3690000000001,833.7245,bandwidth,0.7154167478283702,1.5250767656090072,0.6723356009070295,0.9933333333333333,0.006666666666666667,0.0,0.0,0.6612490163012928,0.5852774718168167,z1d,1.0,18.190694641492257
z1d,c5a,q14,14,118586.59,59.0,45765.0,45824.0,0.9986906710310965,1.0,363.295,210.6895,bandwidth,0.5799405441858545,1.5250767656090072,0.6723356009070295,1.0,0.0,0.0,0.0,0.6557046979865772,0.5824953679755579,z1d,1.0,0.44053201924172575
z1d,c5a,q16,16,40977.39,2577.0,19863.0,22440.0,0.8851209839133728,18141.0,440.102,306.8055,compute,0.6971236213423252,1.5250767656090072,0.6723356009070295,0.01,0.99,0.0,0.0,1.4790359677218554,0.6888848006070843,z1d,1.0,1.1818306657543518
z1d,c5a,q17,17,731369.7,232628.0,1904.0,234532.0,0.008118260543292415,1.0,293.0045,335.7165,io,1.145772505200432,1.5250767656090072,0.6723356009070295,0.0,0.0,0.9933333333333333,0.006666666666666667,0.6579170303220252,0.9979412323482421,z1d,1.0,12.90232329552449
z1d,c5a,q18,18,322525.59,243369.5,153826.5,397196.0,0.38728011540872664,9.0,6297.545,3564.257,mixed,0.5659756301860487,1.5250767656090072,0.6723356009070295,0.0,0.0,0.0033333333333333335,0.9966666666666667,0.9864483821360558,0.5644062589123965,z1d,1.0,0.2772860155014645
z1d,c5a,q19,19,32575.98,17350.0,3216.0,20566.0,0.15636699567267953,1.0,59.442499999999995,43.73350000000001,bandwidth,0.7357278041805108,1.5250767656090072,0.6723356009070295,0.99,0.0,0.006666666666666667,0.0033333333333333335,0.6568108641543012,0.6794121007436911,z1d,1.0,7.654420985155895
z1d,c5a,q2,2,120690.45,1361565.0,23872.0,1385437.0,0.017230651967103543,100.0,1347.4665,1534.04,mixed,1.1384624404391501,1.5250767656090072,0.6723356009070295,0.0,0.0,0.0,1.0,0.9875545483037798,1.0195363267128825,z1d,1.0,10.446204415878057
z1d,c5a,q20,20,164116.85,57909.0,74291.0,132200.0,0.5619549020052799,193.0,742.5440000000001,693.21,io,0.9335608394923398,1.5250767656090072,0.6723356009070295,0.0,0.0,1.0,0.0,0.6557046979865772,0.8388008927808196,z1d,1.0,10.150377211950069
z1d,c5a,q21,21,72643.41,772092.0,315497.0,1087589.0,0.2900881766106713,100.0,2139.5119999999997,1585.465,mixed,0.7410404802590498,1.5250767656090072,0.6723356009070295,0.0,0.0,0.0,1.0,0.9875545483037798,0.6618729985313183,z1d,1.0,10.683287058765863
z1d,c5a,q22,22,13103.26,64494.0,0.0,64494.0,0.0,7.0,142.582,93.9025,io,0.6585859365137254,1.5250767656090072,0.6723356009070295,0.0033333333333333335,0.0,0.9966666666666667,0.0,0.6557046979865772,0.7103849220944154,z1d,1.0,7.865182462730956
z1d,c5a,q3,3,195291.56,493920.0,124546.0,618466.0,0.20137856991561393,10.0,913.617,487.4995,mixed,0.5335928512713752,1.5250767656090072,0.6723356009070295,0.0,0.0,0.0033333333333333335,0.9966666666666667,0.9864483821360558,0.5673801012019735,z1d,1.0,6.332028221535276
z1d,c5a,q4,4,61263.21,169891.0,77503.0,247394.0,0.31327633945714345,5.0,398.5265,223.132,io,0.5598925040116529,1.5250767656090072,0.6723356009070295,0.0,0.0,0.9933333333333333,0.006666666666666667,0.6579170303220252,0.6129145127522623,z1d,1.0,9.470033686949634
z1d,c5a,q5,5,83490.24,322193.5,258731.5,580925.0,0.4453777245294581,5.0,1021.2819999999999,468.384,mixed,0.45862357311692564,1.5250767656090072,0.6723356009070295,0.0,0.0,0.0,1.0,0.9875545483037798,0.5576536912413845,z1d,1.0,21.592897515368502
z1d,c5a,q6,6,168633.05,0.0,105469.0,105469.0,0.9999905186308903,1.0,887.3354999999999,506.22450000000003,bandwidth,0.5704995461130543,1.5250767656090072,0.6723356009070295,0.9933333333333333,0.0033333333333333335,0.0033333333333333335,0.0,0.658476857143935,0.5709719179558937,z1d,1.0,0.08279968775747767
z1d,c5a,q7,7,70658.3,1181936.5,500055.5,1681992.0,0.29729939423053486,4.0,3083.709,2502.548,mixed,0.8115383131157966,1.5250767656090072,0.6723356009070295,0.0,0.0,0.0,1.0,0.9875545483037798,0.7660760376312402,z1d,1.0,5.601987577149605
z1d,c5a,q8,8,90831.9,266508.5,171400.5,437909.0,0.39140576830855656,2.0,725.1700000000001,353.51800000000003,mixed,0.48749672490588414,1.5250767656090072,0.6723356009070295,0.0,0.0,0.0,1.0,0.9875545483037798,0.5576536912413845,z1d,1.0,14.391269264228363
z1d,c5a,q9,9,85841.45,1162313.5,321484.5,1483798.0,0.2166631059867273,175.0,2514.5299999999997,1402.29,mixed,0.55767479409671,1.5250767656090072,0.6723356009070295,0.0,0.0,0.0,1.0,0.9875545483037798,0.5803207296072663,z1d,1.0,4.060778028750069
z1d,c7i,q1,1,231253.32,926.0,111688.0,112614.0,0.9917684145096124,4.0,5716.394,4861.035,compute,0.8503673819544278,0.8638689866939611,0.9149659863945578,0.006666666666666667,0.9933333333333333,0.0,0.0,1.0933677772100752,0.9471579279049536,z1d,1.0,11.382203504568668
z1d,c7i,q10,10,160189.8,156403.5,102740.5,259144.0,0.396459511084528,20.0,900.594,844.875,mixed,0.9381308336497911,0.8638689866939611,0.9149659863945578,0.0,0.0,0.0,1.0,1.124795535135025,0.946968853078071,z1d,1.0,0.942088151382429
z1d,c7i,q11,11,10203.71,62785.0,0.0,62785.0,0.0,1217.0,72.5035,102.75450000000001,mixed,1.417235030033033,0.8638689866939611,0.9149659863945578,0.0,0.0,0.006666666666666667,0.9933333333333333,1.1250141178233821,0.8094786692683826,z1d,1.0,42.88324433742544
z1d,c7i,q12,12,210511.91,1726.0,137144.0,138870.0,0.9875639982429737,2.0,1242.102,1038.817,compute,0.8363379174979187,0.8638689866939611,0.9149659863945578,0.0,1.0,0.0,0.0,1.0929368029739777,0.946968853078071,z1d,1.0,13.228018635233951
z1d,c7i,q13,13,142161.33,6247.0,23506.0,29753.0,0.7900114270350205,42.0,1165.3690000000001,1499.6860000000001,bandwidth,1.2868765172233,0.8638689866939611,0.9149659863945578,0.9933333333333333,0.006666666666666667,0.0,0.0,1.1571519641525279,0.9501897830241562,z1d,1.0,26.163095657819174
z1d,c7i,q14,14,118586.59,59.0,45765.0,45824.0,0.9986906710310965,1.0,363.295,340.724,bandwidth,0.9378714268019103,0.8638689866939611,0.9149659863945578,1.0,0.0,0.0,0.0,1.1575829383886256,0.9515327172359673,z1d,1.0,1.4566272138859488
z1d,c7i,q16,16,40977.39,2577.0,19863.0,22440.0,0.8851209839133728,18141.0,440.102,396.59749999999997,compute,0.9011490518107166,0.8638689866939611,0.9149659863945578,0.01,0.99,0.0,0.0,1.0935832643281242,0.9216412846305165,z1d,1.0,2.274011472200303
z1d,c7i,q17,17,731369.7,232628.0,1904.0,234532.0,0.008118260543292415,1.0,293.0045,278.3045,io,0.9498301220629718,0.8638689866939611,0.9149659863945578,0.0,0.0,0.9933333333333333,0.006666666666666667,1.1573643557002682,0.8592822359981716,z1d,1.0,9.533061119196335
z1d,c7i,q18,18,322525.59,243369.5,153826.5,397196.0,0.38728011540872664,9.0,6297.545,5414.1975,mixed,0.8597314509066628,0.8638689866939611,0.9149659863945578,0.0,0.0,0.0033333333333333335,0.9966666666666667,1.1249048264792036,0.9436173907597285,z1d,1.0,9.757225906368848
z1d,c7i,q19,19,32575.98,17350.0,3216.0,20566.0,0.15636699567267953,1.0,59.442499999999995,53.158,bandwidth,0.8942759809900325,0.8638689866939611,0.9149659863945578,0.99,0.0,0.006666666666666667,0.0033333333333333335,1.1574736470444469,0.9066140162600067,z1d,1.0,1.3796675223587105
z1d,c7i,q2,2,120690.45,1361565.0,23872.0,1385437.0,0.017230651967103543,100.0,1347.4665,1391.7885,mixed,1.0328928400075252,0.8638689866939611,0.9149659863945578,0.0,0.0,0.0,1.0,1.124795535135025,0.8956800757761625,z1d,1.0,13.284317493222536
z1d,c7i,q20,20,164116.85,57909.0,74291.0,132200.0,0.5619549020052799,193.0,742.5440000000001,746.219,io,1.0049492016634705,0.8638689866939611,0.9149659863945578,0.0,0.0,1.0,0.0,1.1575829383886256,0.8894896278049322,z1d,1.0,11.489095535119636
z1d,c7i,q21,21,72643.41,772092.0,315497.0,1087589.0,0.2900881766106713,100.0,2139.5119999999997,2077.2865,mixed,0.9709160313192917,0.8638689866939611,0.9149659863945578,0.0,0.0,0.0,1.0,1.124795535135025,0.9270214940662441,z1d,1.0,4.520940620725275
z1d,c7i,q22,22,13103.26,64494.0,0.0,64494.0,0.0,7.0,142.582,122.9015,io,0.8619706554824592,0.8638689866939611,0.9149659863945578,0.0033333333333333335,0.0,0.9966666666666667,0.0,1.1575829383886256,0.8948351152967803,z1d,1.0,3.812712138782298
z1d,c7i,q3,3,195291.56,493920.0,124546.0,618466.0,0.20137856991561393,10.0,913.617,855.2255,mixed,0.9360875509102831,0.8638689866939611,0.9149659863945578,0.0,0.0,0.0033333333333333335,0.9966666666666667,1.1249048264792036,0.9463601081150781,z1d,1.0,1.097392780707921
z1d,c7i,q4,4,61263.21,169891.0,77503.0,247394.0,0.31327633945714345,5.0,398.5265,337.77099999999996,io,0.8475496610639442,0.8638689866939611,0.9149659863945578,0.0,0.0,0.9933333333333333,0.006666666666666667,1.1573643557002682,0.92437264948608,z1d,1.0,9.064128268979363
z1d,c7i,q5,5,83490.24,322193.5,258731.5,580925.0,0.4453777245294581,5.0,1021.2819999999999,1009.4685,mixed,0.9884326757937573,0.8638689866939611,0.9149659863945578,0.0,0.0,0.0,1.0,1.124795535135025,0.9438738225797322,z1d,1.0,4.508031179588661
z1d,c7i,q6,6,168633.05,0.0,105469.0,105469.0,0.9999905186308903,1.0,887.3354999999999,747.0885000000001,bandwidth,0.8419459156091469,0.8638689866939611,0.9149659863945578,0.9933333333333333,0.0033333333333333335,0.0033333333333333335,0.0,1.1573674512705765,0.946968853078071,z1d,1.0,12.473834188380156
z1d,c7i,q7,7,70658.3,1181936.5,500055.5,1681992.0,0.29729939423053486,4.0,3083.709,2735.3864999999996,mixed,0.8870443028184565,0.8638689866939611,0.9149659863945578,0.0,0.0,0.0,1.0,1.124795535135025,0.8945784694848004,z1d,1.0,0.8493562996126733
z1d,c7i,q8,8,90831.9,266508.5,171400.5,437909.0,0.39140576830855656,2.0,725.1700000000001,736.44,mixed,1.0155411834466401,0.8638689866939611,0.9149659863945578,0.0,0.0,0.0,1.0,1.124795535135025,0.9438738225797322,z1d,1.0,7.0570610069870785
z1d,c7i,q9,9,85841.45,1162313.5,321484.5,1483798.0,0.2166631059867273,175.0,2514.5299999999997,2479.5135,mixed,0.9860743359594041,0.8638689866939611,0.9149659863945578,0.0,0.0,0.0,1.0,1.124795535135025,0.9450392415905202,z1d,1.0,4.161460538262427
z1d,m5a,q1,1,231253.32,926.0,111688.0,112614.0,0.9917684145096124,4.0,5716.394,4400.6265,compute,0.7698256103410647,1.0245649948822928,0.518140589569161,0.006666666666666667,0.9933333333333333,0.0,0.0,1.923618423881006,0.7854906539679692,z1d,1.0,2.034882110503483
z1d,m5a,q10,10,160189.8,156403.5,102740.5,259144.0,0.396459511084528,20.0,900.594,780.1095,mixed,0.8662166303572975,1.0245649948822928,0.518140589569161,0.0,0.0,0.0,1.0,1.372481299154081,0.7835529527963957,z1d,1.0,9.543072098119913
z1d,m5a,q11,11,10203.71,62785.0,0.0,62785.0,0.0,1217.0,72.5035,133.003,mixed,1.8344355789720495,1.0245649948822928,0.518140589569161,0.0,0.0,0.006666666666666667,0.9933333333333333,1.3698382503332134,1.101618639367905,z1d,1.0,39.94781544821477
z1d,m5a,q12,12,210511.91,1726.0,137144.0,138870.0,0.9875639982429737,2.0,1242.102,1108.8780000000002,compute,0.892743108053928,1.0245649948822928,0.518140589569161,0.0,1.0,0.0,0.0,1.9299781181619258,0.8251553420377997,z1d,1.0,7.57079672823926
z1d,m5a,q13,13,142161.33,6247.0,23506.0,29753.0,0.7900114270350205,42.0,1165.3690000000001,1283.8784999999998,bandwidth,1.1016926827468378,1.0245649948822928,0.518140589569161,0.9933333333333333,0.006666666666666667,0.0,0.0,0.9823836703048956,0.7874189515508208,z1d,1.0,28.526442638471732
z1d,m5a,q14,14,118586.59,59.0,45765.0,45824.0,0.9986906710310965,1.0,363.295,301.421,bandwidth,0.8296866183129412,1.0245649948822928,0.518140589569161,1.0,0.0,0.0,0.0,0.976023976023976,0.7850853883638828,z1d,1.0,5.37567184580477
z1d,m5a,q16,16,40977.39,2577.0,19863.0,22440.0,0.8851209839133728,18141.0,440.102,434.2285,compute,0.9866542301557367,1.0245649948822928,0.518140589569161,0.01,0.99,0.0,0.0,1.920438576740546,0.8793226393858997,z1d,1.0,10.878338884017701
z1d,m5a,q17,17,731369.7,232628.0,1904.0,234532.0,0.008118260543292415,1.0,293.0045,540.1505,io,1.843488751879237,1.0245649948822928,0.518140589569161,0.0,0.0,0.9933333333333333,0.006666666666666667,0.9786670248448432,1.116111489727068,z1d,1.0,39.45656090446371
z1d,m5a,q18,18,322525.59,243369.5,153826.5,397196.0,0.38728011540872664,9.0,6297.545,4948.0075,mixed,0.7857041910776341,1.0245649948822928,0.518140589569161,0.0,0.0,0.0033333333333333335,0.9966666666666667,1.3711597747436473,0.7806628660724264,z1d,1.0,0.641631425981484
z1d,m5a,q19,19,32575.98,17350.0,3216.0,20566.0,0.15636699567267953,1.0,59.442499999999995,61.980000000000004,bandwidth,1.0426883122345125,1.0245649948822928,0.518140589569161,0.99,0.0,0.006666666666666667,0.0033333333333333335,0.9773455004344097,0.828897474365625,z1d,1.0,20.503810713167706
z1d,m5a,q2,2,120690.45,1361565.0,23872.0,1385437.0,0.017230651967103543,100.0,1347.4665,2480.223,mixed,1.8406565209598902,1.0245649948822928,0.518140589569161,0.0,0.0,0.0,1.0,1.372481299154081,1.329287006378195,z1d,1.0,27.781908724340347
z1d,m5a,q20,20,164116.85,57909.0,74291.0,132200.0,0.5619549020052799,193.0,742.5440000000001,1043.5055,io,1.4053113350858668,1.0245649948822928,0.518140589569161,0.0,0.0,1.0,0.0,0.976023976023976,0.94948187359432,z1d,1.0,32.436190480431506
z1d,m5a,q21,21,72643.41,772092.0,315497.0,1087589.0,0.2900881766106713,100.0,2139.5119999999997,2269.7135,mixed,1.0608556998044414,1.0245649948822928,0.518140589569161,0.0,0.0,0.0,1.0,1.372481299154081,0.8536676776424739,z1d,1.0,19.530273740355135
z1d,m5a,q22,22,13103.26,64494.0,0.0,64494.0,0.0,7.0,142.582,131.582,io,0.9228514118191637,1.0245649948822928,0.518140589569161,0.0033333333333333335,0.0,0.9966666666666667,0.0,0.976023976023976,0.9294212123010327,z1d,1.0,0.7119023060189374
z1d,m5a,q3,3,195291.56,493920.0,124546.0,618466.0,0.20137856991561393,10.0,913.617,729.5985000000001,mixed,0.7985824475682919,1.0245649948822928,0.518140589569161,0.0,0.0,0.0033333333333333335,0.9966666666666667,1.3711597747436473,0.7892347080281634,z1d,1.0,1.170541572581844
z1d,m5a,q4,4,61263.21,169891.0,77503.0,247394.0,0.31327633945714345,5.0,398.5265,315.9345,io,0.7927565670036999,1.0245649948822928,0.518140589569161,0.0,0.0,0.9933333333333333,0.006666666666666667,0.9786670248448432,0.7731596066421141,z1d,1.0,2.472002273743927
z1d,m5a,q5,5,83490.24,322193.5,258731.5,580925.0,0.4453777245294581,5.0,1021.2819999999999,698.4615,mixed,0.6839065997442431,1.0245649948822928,0.518140589569161,0.0,0.0,0.0,1.0,1.372481299154081,0.7804186074597705,z1d,1.0,14.111869625416624
z1d,m5a,q6,6,168633.05,0.0,105469.0,105469.0,0.9999905186308903,1.0,887.3354999999999,761.749,bandwidth,0.8584678512242552,1.0245649948822928,0.518140589569161,0.9933333333333333,0.0033333333333333335,0.0033333333333333335,0.0,0.9792038231644357,0.7816364758266704,z1d,1.0,8.94982558613186
z1d,m5a,q7,7,70658.3,1181936.5,500055.5,1681992.0,0.29729939423053486,4.0,3083.709,3633.729,mixed,1.178363133486331,1.0245649948822928,0.518140589569161,0.0,0.0,0.0,1.0,1.372481299154081,1.0162683492581637,z1d,1.0,13.755928000614723
z1d,m5a,q8,8,90831.9,266508.5,171400.5,437909.0,0.39140576830855656,2.0,725.1700000000001,520.2660000000001,mixed,0.7174400485403423,1.0245649948822928,0.518140589569161,0.0,0.0,0.0,1.0,1.372481299154081,0.7804186074597705,z1d,1.0,8.778232975362949
z1d,m5a,q9,9,85841.45,1162313.5,321484.5,1483798.0,0.2166631059867273,175.0,2514.5299999999997,2088.801,mixed,0.8306924156800675,1.0245649948822928,0.518140589569161,0.0,0.0,0.0,1.0,1.372481299154081,0.8060018319978401,z1d,1.0,2.9722895281298247
z1d,r5n,q1,1,231253.32,926.0,111688.0,112614.0,0.9917684145096124,4.0,5716.394,7103.264,compute,1.2426127380303036,0.9611054247697033,0.7993197278911565,0.006666666666666667,0.9933333333333333,0.0,0.0,1.2496598614793162,0.9869306145236391,z1d,1.0,20.57617113373171
z1d,r5n,q10,10,160189.8,156403.5,102740.5,259144.0,0.396459511084528,20.0,900.594,1038.925,mixed,1.1535997352858223,0.9611054247697033,0.7993197278911565,0.0,0.0,0.0,1.0,1.1409174426624311,0.9899155414201573,z1d,1.0,14.188993708906297
z1d,r5n,q11,11,10203.71,62785.0,0.0,62785.0,0.0,1217.0,72.5035,102.45349999999999,mixed,1.4130835063134881,0.9611054247697033,0.7993197278911565,0.0,0.0,0.006666666666666667,0.9933333333333333,1.140247783602012,1.1400736095113848,z1d,1.0,19.320153096567026
z1d,r5n,q12,12,210511.91,1726.0,137144.0,138870.0,0.9875639982429737,2.0,1242.102,1559.5430000000001,compute,1.2555675781860105,0.9611054247697033,0.7993197278911565,0.0,1.0,0.0,0.0,1.251063829787234,0.9867415396967565,z1d,1.0,21.410718400171035
z1d,r5n,q13,13,142161.33,6247.0,23506.0,29753.0,0.7900114270350205,42.0,1165.3690000000001,1625.7675,bandwidth,1.395066712775095,0.9611054247697033,0.7993197278911565,0.9933333333333333,0.006666666666666667,0.0,0.0,1.0418725519074916,0.9952730590244739,z1d,1.0,28.657672790094995
z1d,r5n,q14,14,118586.59,59.0,45765.0,45824.0,0.9986906710310965,1.0,363.295,422.8055,bandwidth,1.163807649430903,0.9611054247697033,0.7993197278911565,1.0,0.0,0.0,0.0,1.040468583599574,0.9929394958375359,z1d,1.0,14.68182080405821
z1d,r5n,q16,16,40977.39,2577.0,19863.0,22440.0,0.8851209839133728,18141.0,440.102,560.7415000000001,compute,1.2741171364819976,0.9611054247697033,0.7993197278911565,0.01,0.99,0.0,0.0,1.2489578773253573,1.055425071203363,z1d,1.0,17.16420406074058
z1d,r5n,q17,17,731369.7,232628.0,1904.0,234532.0,0.008118260543292415,1.0,293.0045,362.418,io,1.2369025049103342,0.9611054247697033,0.7993197278911565,0.0,0.0,0.9933333333333333,0.006666666666666667,1.0411382426599929,1.1764555915092207,z1d,1.0,4.886958605156624
z1d,r5n,q18,18,322525.59,243369.5,153826.5,397196.0,0.38728011540872664,9.0,6297.545,7234.161,mixed,1.1487271627276978,0.9611054247697033,0.7993197278911565,0.0,0.0,0.0033333333333333335,0.9966666666666667,1.1405826131322214,0.9861391209819813,z1d,1.0,14.153756176501025
z1d,r5n,q19,19,32575.98,17350.0,3216.0,20566.0,0.15636699567267953,1.0,59.442499999999995,73.7775,bandwidth,1.2411574210371368,0.9611054247697033,0.7993197278911565,0.99,0.0,0.006666666666666667,0.0033333333333333335,1.0408034131297836,1.0134457075664545,z1d,1.0,18.346722954804694
z1d,r5n,q2,2,120690.45,1361565.0,23872.0,1385437.0,0.017230651967103543,100.0,1347.4665,1687.966,mixed,1.2526960781585292,0.9611054247697033,0.7993197278911565,0.0,0.0,0.0,1.0,1.1409174426624311,1.1918675367058504,z1d,1.0,4.855810001584512
z1d,r5n,q20,20,164116.85,57909.0,74291.0,132200.0,0.5619549020052799,193.0,742.5440000000001,885.5885000000001,io,1.1926411094830744,0.9611054247697033,0.7993197278911565,0.0,0.0,1.0,0.0,1.040468583599574,1.1425696608788738,z1d,1.0,4.198366818489351
z1d,r5n,q21,21,72643.41,772092.0,315497.0,1087589.0,0.2900881766106713,100.0,2139.5119999999997,2575.3975,mixed,1.2037312714301207,0.9611054247697033,0.7993197278911565,0.0,0.0,0.0,1.0,1.1409174426624311,1.0423563727226923,z1d,1.0,13.406223011528413
z1d,r5n,q22,22,13103.26,64494.0,0.0,64494.0,0.0,7.0,142.582,177.9305,io,1.2479169881191174,0.9611054247697033,0.7993197278911565,0.0033333333333333335,0.0,0.9966666666666667,0.0,1.040468583599574,1.0089380037143716,z1d,1.0,19.15023087913397
z1d,r5n,q3,3,195291.56,493920.0,124546.0,618466.0,0.20137856991561393,10.0,913.617,1067.1325,mixed,1.1680304766658238,0.9611054247697033,0.7993197278911565,0.0,0.0,0.0033333333333333335,0.9966666666666667,1.1405826131322214,0.9928996865121406,z1d,1.0,14.993683268744759
z1d,r5n,q4,4,61263.21,169891.0,77503.0,247394.0,0.31327633945714345,5.0,398.5265,439.73,io,1.1033896114812942,0.9611054247697033,0.7993197278911565,0.0,0.0,0.9933333333333333,0.006666666666666667,1.0411382426599929,0.9808037509011083,z1d,1.0,11.109934270236161
z1d,r5n,q5,5,83490.24,322193.5,258731.5,580925.0,0.4453777245294581,5.0,1021.2819999999999,1107.366,mixed,1.0842901372980236,0.9611054247697033,0.7993197278911565,0.0,0.0,0.0,1.0,1.1409174426624311,0.9840835859437477,z1d,1.0,9.241673230006846
z1d,r5n,q6,6,168633.05,0.0,105469.0,105469.0,0.9999905186308903,1.0,887.3354999999999,1067.0695,bandwidth,1.2025547270451822,0.9611054247697033,0.7993197278911565,0.9933333333333333,0.0033333333333333335,0.0033333333333333335,0.0,1.0411705677535328,0.9894905833003238,z1d,1.0,17.717625564400045
z1d,r5n,q7,7,70658.3,1181936.5,500055.5,1681992.0,0.29729939423053486,4.0,3083.709,3602.5985,mixed,1.1682679850790072,0.9611054247697033,0.7993197278911565,0.0,0.0,0.0,1.0,1.1409174426624311,1.0419168587838876,z1d,1.0,10.815251972052863
z1d,r5n,q8,8,90831.9,266508.5,171400.5,437909.0,0.39140576830855656,2.0,725.1700000000001,821.899,mixed,1.1333880331508472,0.9611054247697033,0.7993197278911565,0.0,0.0,0.0,1.0,1.1409174426624311,0.9840835859437477,z1d,1.0,13.173286009737497
z1d,r5n,q9,9,85841.45,1162313.5,321484.5,1483798.0,0.2166631059867273,175.0,2514.5299999999997,3018.959,mixed,1.200605679789066,0.9611054247697033,0.7993197278911565,0.0,0.0,0.0,1.0,1.1409174426624311,0.9949004902927175,z1d,1.0,17.13345130371937
